Incident,Date,Location,County
2022378960,2022-12-31,VALLEYWOOD RD,Anne Arundel
2022378908,2022-12-31,W NURSERY RD,Anne Arundel
2022378903,2022-12-31,FURNACE BRANCH RD E,Anne Arundel
2022378685,2022-12-31,10TH AVE/HARBOR VALLEY DR,Anne Arundel
2022378684,2022-12-31,BROADVIEW BLVD N,Anne Arundel
2022378490,2022-12-31,MARLEY NECK RD/BALTIMORE ANNAPOLIS BLVD,Anne Arundel
2022378463,2022-12-31,Potee St/W Jeffrey St,Anne Arundel
2022378459,2022-12-31,DAVIDSONVILLE RD/GERSTANHAL RD,Anne Arundel
2022378383,2022-12-31,"NATURE WALK LN",Anne Arundel
2022378254,2022-12-30,BALTIMORE ANNAPOLIS BLVD,Anne Arundel
2022378239,2022-12-30,RITCHIE HWY,Anne Arundel
2022378210,2022-12-30,RITCHIE HWY/WB I695,Anne Arundel
2022378140,2022-12-30,ADMIRAL DR/OLD ADMIRAL CT,Anne Arundel
2022378045,2022-12-30,WEST ST,Anne Arundel
2022378026,2022-12-30,SUMMIT RD,Anne Arundel
2022378016,2022-12-30,DORSEY RD/SHIPLEY AVE,Anne Arundel
2022377950,2022-12-30,JONES STATION RD/BECKETT CT,Anne Arundel
2022377921,2022-12-30,WAUGH CHAPEL RD/NEW MARKET LN,Anne Arundel
2022377894,2022-12-30,NB RT295 ONR EB LAUREL FT MEAD/LAUREL FORT MEADE RD,Anne Arundel
2022377653,2022-12-30,MOUNTAIN RD,Anne Arundel
2022377372,2022-12-30,DAVIDSONVILLE RD,Anne Arundel
2022377251,2022-12-29,MARGATE DR,Anne Arundel
2022377196,2022-12-29,MONTROSE RD,Anne Arundel
2022377164,2022-12-29,SAMANTHA CT,Anne Arundel
2022376993,2022-12-29,CRAIN HWY N,Anne Arundel
2022376927,2022-12-29,PINEY ORCHARD PKWY/ODENTON RD,Anne Arundel
2022376891,2022-12-29,BALTIMORE ANNAPOLIS BLVD,Anne Arundel
2022376843,2022-12-29,RITCHIE HWY,Anne Arundel
2022376804,2022-12-29,FAYWOOD CT,Anne Arundel
2022376751,2022-12-29,CHURCH CIR,Anne Arundel
2022376732,2022-12-29,WESLEY RD,Anne Arundel
2022376684,2022-12-29,CLARK RD,Anne Arundel
2022376662,2022-12-29,ARUNDEL MILLS CIR,Anne Arundel
2022376518,2022-12-29,BALTIMORE ANNAPOLIS BLVD,Anne Arundel
2022376361,2022-12-29,RITCHIE HWY,Anne Arundel
2022376317,2022-12-28,"ARUNDEL MILLS CIR, GAR",Anne Arundel
2022376279,2022-12-28,ARUNDEL MILLS CIR,Anne Arundel
2022376272,2022-12-28,ERTTER DR,Anne Arundel
2022376052,2022-12-28,SOLOMONS ISLAND RD,Anne Arundel
2022375982,2022-12-28,SNUG HARBOR RD/CEDAR LN,Anne Arundel
2022375889,2022-12-28,RITCHIE HWY,Anne Arundel
2022375454,2022-12-28,RITCHIE HWY,Anne Arundel
2022375447,2022-12-28,WINBORNE DR,Anne Arundel
2022375424,2022-12-28,WHARF DR,Anne Arundel
2022375377,2022-12-27,220TH ST,Anne Arundel
2022375339,2022-12-27,FORT SMALLWOOD RD,Anne Arundel
2022375253,2022-12-27,HOSPITAL DR/ELVATON RD,Anne Arundel
2022375245,2022-12-27,TALBOT RD,Anne Arundel
2022375054,2022-12-27,DOGWOOD RD,Anne Arundel
2022375015,2022-12-27,WOODLAKE CT,Anne Arundel
2022375009,2022-12-27,ARUNDEL MILLS CIR,Anne Arundel
2022374835,2022-12-27,ENFIELD WAY,Anne Arundel
2022374813,2022-12-27,GEORGE CLAUSS BLVD,Anne Arundel
2022374757,2022-12-27,MEDICAL PKWY,Anne Arundel
2022374742,2022-12-27,LAUREL FORT MEADE RD,Anne Arundel
2022374710,2022-12-27,BOYDS TURN RD/FRIENDSHIP RD,Anne Arundel
2022374592,2022-12-27,E BAY FRONT RD/SOLOMONS ISLAND RD,Anne Arundel
2022374587,2022-12-27,WINDING WOOD RD,Anne Arundel
2022374491,2022-12-27,RITCHIE HWY,Anne Arundel
2022374474,2022-12-27,OLD LINE AVE,Anne Arundel
2022374361,2022-12-26,SOUTH RIVER TER,Anne Arundel
2022374360,2022-12-26,CRAIN HWY S/EVERGREEN RD,Anne Arundel
2022374354,2022-12-26,BRANDERMILL BLVD,Anne Arundel
2022374342,2022-12-26,BALTIMORE ANNAPOLIS BLVD,Anne Arundel
2022374263,2022-12-26,ANNAPOLIS RD/GATEWAY BLVD,Anne Arundel
2022374202,2022-12-26,ANNAPOLIS MALL,Anne Arundel
2022374198,2022-12-26,RITCHIE HWY,Anne Arundel
2022373995,2022-12-26,CHURCH RD/CARROLL RD,Anne Arundel
2022373907,2022-12-26,ELDRIDGE RD,Anne Arundel
2022373883,2022-12-26,PIKE RIDGE RD/SOLOMONS ISLAND RD,Anne Arundel
2022373884,2022-12-26,SOLOMONS ISLAND RD/STEWART DR,Anne Arundel
2022373856,2022-12-26,MAIN ST,Anne Arundel
2022373829,2022-12-26,SB RT295/WB RT100,Anne Arundel
2022373793,2022-12-26,SOUTHBRIDGE DR,Anne Arundel
2022373663,2022-12-26,BON AIR AVE,Anne Arundel
2022373643,2022-12-26,CEDAR RD,Anne Arundel
2022373603,2022-12-26,LEDNURA RD/HAILE AVE,Anne Arundel
2022373452,2022-12-25,OLD MILL RD,Anne Arundel
2022373405,2022-12-25,OAKLEIGH AVE,Anne Arundel
2022373304,2022-12-25,5TH AVE SE,Anne Arundel
2022373275,2022-12-25,CHESTNUT TRL,Anne Arundel
2022373260,2022-12-25,1ST AVE,Anne Arundel
2022373245,2022-12-25,ARUNDEL MILLS CIR,Anne Arundel
2022373214,2022-12-25,MORAINE DR,Anne Arundel
2022373026,2022-12-24,RITCHIE HWY,Anne Arundel
2022372984,2022-12-24,SHREVE CT,Anne Arundel
2022372949,2022-12-24,COMPROMISE ST,Anne Arundel
2022372943,2022-12-24,CRAIN HWY S,Anne Arundel
2022372853,2022-12-24,WB US50 ONR NB I97/NB I97,Anne Arundel
2022372815,2022-12-24,ARUNDEL MILLS BLVD,Anne Arundel
2022372793,2022-12-24,VALIANT CIR,Anne Arundel
2022372786,2022-12-24,RITCHIE HWY,Anne Arundel
2022372780,2022-12-24,ARUNDEL MILLS CIR,Anne Arundel
2022372781,2022-12-24,MARSHALL RD,Anne Arundel
2022372750,2022-12-24,OLD MILL RD,Anne Arundel
2022372686,2022-12-24,WEST DR,Anne Arundel
2022372673,2022-12-24,WEST DR,Anne Arundel
2022372639,2022-12-24,OLD MILL RD/VETERANS HWY,Anne Arundel
2022372577,2022-12-24,ARUNDEL MILLS CIR,Anne Arundel
2022372529,2022-12-24,BERKSHIRE DR,Anne Arundel
2022372492,2022-12-24,ADMIRAL COCHRANE DR,Anne Arundel
2022372386,2022-12-23,ELLSWORTH TER/HERITAGE XING,Anne Arundel
2022372359,2022-12-23,RITCHIE HWY,Anne Arundel
2022372327,2022-12-23,STAR STELLA DR,Anne Arundel
2022372302,2022-12-23,EB RT100/MAGOTHY BRIDGE RD,Anne Arundel
2022372276,2022-12-23,CORRIDOR MARKETPLACE,Anne Arundel
2022372248,2022-12-23,HOLLIBEN RD,Anne Arundel
2022372234,2022-12-23,DEEPNOTCH WAY,Anne Arundel
2022372230,2022-12-23,RITCHIE HWY,Anne Arundel
2022372220,2022-12-23,MAXWELL V FRYE JR RD/VETERANS HWY,Anne Arundel
2022372144,2022-12-23,SB I97/BENFIELD BLVD,Anne Arundel
2022372124,2022-12-23,GEORGIA AVE NW,Anne Arundel
2022372104,2022-12-23,GEORGE CLAUSS BLVD,Anne Arundel
2022372063,2022-12-23,CLIFTON AVE,Anne Arundel
2022372043,2022-12-23,DEFENSE HWY,Anne Arundel
2022371350,2022-12-22,HEARNE RD,Anne Arundel
2022371331,2022-12-22,ADMIRAL COCHRANE DR,Anne Arundel
2022371283,2022-12-22,ARUNDEL MILLS CIR,Anne Arundel
2022371225,2022-12-22,REECE RD/MEADE VILLAGE RD,Anne Arundel
2022371168,2022-12-22,DORSEY RD/COCA COLA DR,Anne Arundel
2022371143,2022-12-22,MARBURY DR,Anne Arundel
2022371136,2022-12-22,BRIGADIER BLVD,Anne Arundel
2022371102,2022-12-22,FOREST DR,Anne Arundel
2022370891,2022-12-22,TOWN CENTER BLVD,Anne Arundel
2022370863,2022-12-22,BALTIMORE ANNAPOLIS BLVD,Anne Arundel
2022370802,2022-12-22,CEDAR HILL RD,Anne Arundel
2022370433,2022-12-22,CAMERYN PL,Anne Arundel
2022370372,2022-12-21,CAMP MEADE RD N,Anne Arundel
2022370240,2022-12-21,205TH ST,Anne Arundel
2022370231,2022-12-21,WARWICKSHIRE LN/HARRIS HEIGHTS AVE,Anne Arundel
2022370063,2022-12-21,ANNAPOLIS RD/BERGER ST,Anne Arundel
2022369965,2022-12-21,REECE RD,Anne Arundel
2022369926,2022-12-21,RIPS DR,Anne Arundel
2022369856,2022-12-21,MOUNTAIN RD,Anne Arundel
2022369830,2022-12-21,BENFIELD RD/TRUCK HOUSE RD,Anne Arundel
2022369723,2022-12-21,ARUNDEL MILLS CIR,Anne Arundel
2022369720,2022-12-21,JENNIFER RD/PAVILION PKWY,Anne Arundel
2022369679,2022-12-21,GREEN HOLLY DR,Anne Arundel
2022369350,2022-12-21,LAUREL FORT MEADE RD,Anne Arundel
2022369163,2022-12-20,MEADE VILLAGE CIR,Anne Arundel
2022369107,2022-12-20,RICHFIELD DR,Anne Arundel
2022369058,2022-12-20,CHATHAM RD/11TH AVE W,Anne Arundel
2022368988,2022-12-20,GEORGE CLAUSS BLVD,Anne Arundel
2022368932,2022-12-20,DORBA CT,Anne Arundel
2022368904,2022-12-20,RIVER RD,Anne Arundel
2022368888,2022-12-20,RUSSETT GRN E/LAUREL FORT MEADE RD,Anne Arundel
2022368870,2022-12-20,SOLOMONS ISLAND RD,Anne Arundel
2022368822,2022-12-20,BALTIMORE ANNAPOLIS BLVD,Anne Arundel
2022368780,2022-12-20,TICK NECK RD,Anne Arundel
2022368686,2022-12-20,FAYWOOD AVE/BALTIMORE ANNAPOLIS BLVD,Anne Arundel
2022368617,2022-12-20,DAVIDSONVILLE RD,Anne Arundel
2022368443,2022-12-20,RITCHIE HWY/WB RT100,Anne Arundel
2022368381,2022-12-20,RIVA RD,Anne Arundel
2022368374,2022-12-20,RITCHIE HWY/JUMPERS HOLE RD,Anne Arundel
2022367997,2022-12-19,RITCHIE HWY,Anne Arundel
2022367909,2022-12-19,MARTHAS VINEYARD LN,Anne Arundel
2022367836,2022-12-19,JUMPERS HOLE RD,Anne Arundel
2022367551,2022-12-19,BALTIMORE ANNAPOLIS BLVD,Anne Arundel
2022367314,2022-12-19,BELLE GROVE RD,Anne Arundel
2022367274,2022-12-19,FLORIDA AVE,Anne Arundel
2022366830,2022-12-18,STEVENS RD,Anne Arundel
2022366815,2022-12-18,E CARTER RD,Anne Arundel
2022366772,2022-12-18,PASADENA RD,Anne Arundel
2022366722,2022-12-18,ARUNDEL MILLS CIR,Anne Arundel
2022366670,2022-12-18,SWEETBAY LN,Anne Arundel
2022366631,2022-12-18,WOOD ST,Anne Arundel
2022366596,2022-12-18,RITCHIE HWY,Anne Arundel
2022366470,2022-12-18,WB RT100 ONR ARUNDEL MILLS/ARUNDEL MILLS BLVD,Anne Arundel
2022366252,2022-12-18,DEERFIELD CIR,Anne Arundel
2022366237,2022-12-18,YEARLING CT,Anne Arundel
2022366122,2022-12-18,ROSE ST,Anne Arundel
2022366004,2022-12-17,GEORGE WILLING AVE,Anne Arundel
2022365990,2022-12-17,SALISBURY RD,Anne Arundel
2022365974,2022-12-17,ARUNDEL MILLS CIR,Anne Arundel
2022365967,2022-12-17,STINCHCOMB RD,Anne Arundel
2022365953,2022-12-17,MEDICAL PKWY,Anne Arundel
2022365943,2022-12-17,BALTIMORE ANNAPOLIS BLVD,Anne Arundel
2022365926,2022-12-17,BALTIMORE ANNAPOLIS BLVD,Anne Arundel
2022365918,2022-12-17,HARRIET DR,Anne Arundel
2022365916,2022-12-17,CARROLL RD,Anne Arundel
2022365902,2022-12-17,NEW FREETOWN RD,Anne Arundel
2022365890,2022-12-17,SOUTHAMPTON DR,Anne Arundel
2022365888,2022-12-17,CAMP MEADE RD N,Anne Arundel
2022365798,2022-12-17,CORRIDOR MARKETPLACE,Anne Arundel
2022365757,2022-12-17,JUMPERS HOLE RD/RITCHIE HWY,Anne Arundel
2022365696,2022-12-17,VETERANS HWY,Anne Arundel
2022365653,2022-12-17,CRAIN HWY N,Anne Arundel
2022365633,2022-12-17,CANTEEN CIR,Anne Arundel
2022365625,2022-12-17,NEW CUT RD/UPTON RD,Anne Arundel
2022365616,2022-12-17,ARUNDEL MILLS CIR,Anne Arundel
2022365609,2022-12-17,CRAIN HWY S,Anne Arundel
2022365495,2022-12-17,SHARPS POINT RD,Anne Arundel
2022365271,2022-12-17,VIRGINIA AVE,Anne Arundel
2022365264,2022-12-17,BARGER DR,Anne Arundel
2022365161,2022-12-17,HARVEY AVE,Anne Arundel
2022365152,2022-12-17,FORT SMALLWOOD RD,Anne Arundel
2022365118,2022-12-17,ANNAPOLIS RD,Anne Arundel
2022365000,2022-12-16,CRAIN HWY S,Anne Arundel
2022364682,2022-12-16,LEISURE WAY,Anne Arundel
2022364600,2022-12-16,KUETHE RD/RITCHIE HWY,Anne Arundel
2022364565,2022-12-16,GENERALS HWY,Anne Arundel
2022364495,2022-12-16,NURSERY RD,Anne Arundel
2022364447,2022-12-16,RITCHIE HWY,Anne Arundel
2022364411,2022-12-16,TOWNE CENTRE BLVD,Anne Arundel
2022364136,2022-12-16,CRAIN HWY S,Anne Arundel
2022363946,2022-12-16,RITCHIE HWY/W ORDNANCE RD,Anne Arundel
2022363911,2022-12-16,COVE RD,Anne Arundel
2022363886,2022-12-16,MONMOUTH AVE/BRANDYWINE AVE,Anne Arundel
2022363841,2022-12-15,ARUNDEL MILLS CIR,Anne Arundel
2022363775,2022-12-15,LEISURE WAY,Anne Arundel
2022363694,2022-12-15,NB I97/BALTIMORE ANNAPOLIS BLVD,Anne Arundel
2022363526,2022-12-15,HOSPITAL DR,Anne Arundel
2022363451,2022-12-15,COMMANDERS WAY N,Anne Arundel
2022363427,2022-12-15,HAMMONDS LN,Anne Arundel
2022363423,2022-12-15,ANDOVER RD,Anne Arundel
2022363353,2022-12-15,S MAIN CHAPEL WAY,Anne Arundel
2022363141,2022-12-15,AVALON BLVD,Anne Arundel
2022362970,2022-12-15,CHATFIELD TER,Anne Arundel
2022362842,2022-12-14,RITCHIE HWY,Anne Arundel
2022362827,2022-12-14,8TH AVE NE/CRAIN HWY N,Anne Arundel
2022362799,2022-12-14,WILLOW ST,Anne Arundel
2022362791,2022-12-14,OLD COUNTY RD,Anne Arundel
2022362355,2022-12-14,COLLEGE PKWY,Anne Arundel
2022362261,2022-12-14,PASADENA RD/BALTIMORE ANNAPOLIS BLVD,Anne Arundel
2022362152,2022-12-14,OAK CT,Anne Arundel
2022362033,2022-12-14,RITCHIE HWY,Anne Arundel
2022361773,2022-12-14,PATRICK HENRY DR,Anne Arundel
2022361742,2022-12-14,FURNACE DR,Anne Arundel
2022361693,2022-12-13,WASHINGTON RD,Anne Arundel
2022361682,2022-12-13,ROBERTS CT,Anne Arundel
2022361600,2022-12-13,ARUNDEL MILLS CIR,Anne Arundel
2022360594,2022-12-13,EASTON SOUTH,Anne Arundel
2022360479,2022-12-12,FURNACE BRANCH RD E,Anne Arundel
2022360313,2022-12-12,WINBORNE DR,Anne Arundel
2022360241,2022-12-12,ODENTON RD,Anne Arundel
2022360020,2022-12-12,ANNAPOLIS RD,Anne Arundel
2022359918,2022-12-12,BALIOL LN/KING MALCOLM AVE,Anne Arundel
2022359815,2022-12-12,WOODSIDE TRL,Anne Arundel
2022359732,2022-12-12,TUNGSTON ST,Anne Arundel
2022359588,2022-12-12,ARUNDEL MILLS BLVD/DORSEY RD,Anne Arundel
2022359559,2022-12-12,EVENING STAR DR,Anne Arundel
2022359320,2022-12-11,HICKORY WOOD DR/WHISPERING WOODS DR,Anne Arundel
2022359279,2022-12-11,LOUISE TER,Anne Arundel
2022359244,2022-12-11,FURNACE BRANCH RD E/COUNTRY CLUB DR,Anne Arundel
2022359227,2022-12-11,HIDDEN BROOK DR/HIDEAWAY LOOP,Anne Arundel
2022359060,2022-12-11,RITCHIE HWY,Anne Arundel
2022359024,2022-12-11,E ORDNANCE RD,Anne Arundel
2022358954,2022-12-11,RITCHIE HWY,Anne Arundel
2022358939,2022-12-11,CRAIN HWY,Anne Arundel
2022358867,2022-12-11,BRICK CHURCH RD,Anne Arundel
2022358843,2022-12-11,ALLEY 4/W MEADOW RD,Anne Arundel
2022358797,2022-12-11,SOLOMONS ISLAND RD,Anne Arundel
2022358711,2022-12-11,ANNAPOLIS RD,Anne Arundel
2022358625,2022-12-11,TANNER LN,Anne Arundel
2022358548,2022-12-11,HARCOURT AVE,Anne Arundel
2022358544,2022-12-11,CENTRAL AVE W/BIRDSVILLE RD,Anne Arundel
2022358497,2022-12-10,KINGS RD,Anne Arundel
2022358491,2022-12-10,CIRCLE RD,Anne Arundel
2022358444,2022-12-10,DUNFIELD CT,Anne Arundel
2022358368,2022-12-10,SHELLYE RD,Anne Arundel
2022358364,2022-12-10,QUIET WATERS PARK RD,Anne Arundel
2022358275,2022-12-10,1ST AVE/HILLTOP RD,Anne Arundel
2022358250,2022-12-10,WARFIELD RD/RITCHIE HWY,Anne Arundel
2022358208,2022-12-10,ORCHARD RD,Anne Arundel
2022358202,2022-12-10,GILL ST,Anne Arundel
2022358124,2022-12-10,CLARK STATION RD,Anne Arundel
2022358056,2022-12-10,W SHORE RD,Anne Arundel
2022358036,2022-12-10,CALAWASSE RD,Anne Arundel
2022357894,2022-12-10,OLD MILL RD,Anne Arundel
2022357872,2022-12-10,STRIDER CT,Anne Arundel
2022357838,2022-12-10,W NURSERY RD,Anne Arundel
2022357804,2022-12-10,BENESCH CIR,Anne Arundel
2022357485,2022-12-09,2ND ST,Anne Arundel
2022357380,2022-12-09,MAIN ST,Anne Arundel
2022357358,2022-12-09,RITCHIE HWY,Anne Arundel
2022357272,2022-12-09,NB RT295/EB RT100,Anne Arundel
2022357240,2022-12-09,CRAIN HWY N/8TH AVE NW,Anne Arundel
2022357208,2022-12-09,POPLAR POINT RD,Anne Arundel
2022357037,2022-12-09,HARMANS RD,Anne Arundel
2022356922,2022-12-09,RITCHIE HWY,Anne Arundel
2022356854,2022-12-09,CONWAY RD/TWO RIVERS BLVD,Anne Arundel
2022356829,2022-12-09,DORCHESTER BLVD,Anne Arundel
2022356628,2022-12-09,PHILLIP DR,Anne Arundel
2022356409,2022-12-08,AUSTIN DR,Anne Arundel
2022356404,2022-12-08,AVERILL CT,Anne Arundel
2022356321,2022-12-08,SUNLIGHT CIR,Anne Arundel
2022356152,2022-12-08,MILLWRIGHT CT,Anne Arundel
2022356143,2022-12-08,KINGSBERRY DR,Anne Arundel
2022356132,2022-12-08,DURNESS CT,Anne Arundel
2022356033,2022-12-08,HAMMONDS LN,Anne Arundel
2022355839,2022-12-08,NOTTINGHAM DR,Anne Arundel
2022355251,2022-12-08,GREEN HOLLY DR,Anne Arundel
2022355205,2022-12-08,LAUREL FORT MEADE RD,Anne Arundel
2022355178,2022-12-08,JOANNE RD,Anne Arundel
2022355145,2022-12-07,SEVERN ORCHARD CIR,Anne Arundel
2022354909,2022-12-07,TALBOT RD,Anne Arundel
2022354786,2022-12-07,LAUREL FORT MEADE RD,Anne Arundel
2022354701,2022-12-07,ANNAPOLIS MALL,Anne Arundel
2022354633,2022-12-07,DULANEY LN,Anne Arundel
2022354635,2022-12-07,201ST ST,Anne Arundel
2022354615,2022-12-07,CROFTON CTR,Anne Arundel
2022354493,2022-12-07,MOUNT ZION MARLBORO RD,Anne Arundel
2022354341,2022-12-07,JUMPERS HOLE RD/BENFIELD RD,Anne Arundel
2022354074,2022-12-07,BALTIMORE ANNAPOLIS BLVD/CRAIN HWY N,Anne Arundel
2022354001,2022-12-07,WOODHILL DR,Anne Arundel
2022353899,2022-12-06,CATHEDRAL PL,Anne Arundel
2022353873,2022-12-06,ANNAPOLIS RD,Anne Arundel
2022353839,2022-12-06,MAIN CHAPEL WAY,Anne Arundel
2022353781,2022-12-06,CRAIN HWY S,Anne Arundel
2022353393,2022-12-06,FUNKE RD,Anne Arundel
2022353321,2022-12-06,MOUNTAIN RD,Anne Arundel
2022353320,2022-12-06,MOUNTAIN RD,Anne Arundel
2022352707,2022-12-05,QUEENS PARK RD,Anne Arundel
2022352639,2022-12-05,CHESAPEAKE CENTER DR,Anne Arundel
2022352617,2022-12-05,JULIANA CIR E,Anne Arundel
2022352564,2022-12-05,CRAIN HWY S,Anne Arundel
2022352557,2022-12-05,AQUAHART RD/RITCHIE HWY,Anne Arundel
2022352501,2022-12-05,BALTIMORE ANNAPOLIS BLVD,Anne Arundel
2022352404,2022-12-05,HARCOURT AVE,Anne Arundel
2022352217,2022-12-05,BALTIMORE ANNAPOLIS BLVD,Anne Arundel
2022352170,2022-12-05,RITCHIE HWY,Anne Arundel
2022351928,2022-12-05,WASENA AVE,Anne Arundel
2022351792,2022-12-05,RITCHIE HWY,Anne Arundel
2022351688,2022-12-04,SAINT ANDREWS RD,Anne Arundel
2022351639,2022-12-04,ARUNDEL MILLS CIR,Anne Arundel
2022351636,2022-12-04,CRILLEY RD,Anne Arundel
2022351546,2022-12-04,SLOANE DR,Anne Arundel
2022351506,2022-12-04,FAYWOOD CT,Anne Arundel
2022351472,2022-12-04,HILLSMERE DR,Anne Arundel
2022351417,2022-12-04,CRAIN HWY S,Anne Arundel
2022351392,2022-12-04,HOLLY DR E,Anne Arundel
2022351363,2022-12-04,FAYWOOD CT,Anne Arundel
2022351330,2022-12-04,FAYWOOD AVE,Anne Arundel
2022351324,2022-12-04,CARRIAGE WALK CT,Anne Arundel
2022351257,2022-12-04,OLD RIVERSIDE RD,Anne Arundel
2022351152,2022-12-04,MARGATE DR,Anne Arundel
2022351047,2022-12-04,S PAULA ST,Anne Arundel
2022350970,2022-12-04,TYDINGS DR,Anne Arundel
2022350947,2022-12-04,SWEETWATER DR,Anne Arundel
2022350905,2022-12-03,NURSERY RD,Anne Arundel
2022350899,2022-12-03,FURNACE BRANCH RD E,Anne Arundel
2022350863,2022-12-03,CAMP MEADE RD S/MEDICAL BUILDING RD,Anne Arundel
2022350762,2022-12-03,CALDER WAY,Anne Arundel
2022350721,2022-12-03,COXSWAIN WAY,Anne Arundel
2022350618,2022-12-03,NOLPARK CT,Anne Arundel
2022350533,2022-12-03,EB US50/DAVIDSONVILLE RD,Anne Arundel
2022350515,2022-12-03,LAUREL FORT MEADE RD,Anne Arundel
2022350475,2022-12-03,PINEY ORCHARD PKWY,Anne Arundel
2022350358,2022-12-03,RITCHIE HWY,Anne Arundel
2022350263,2022-12-03,LAUREL FORT MEADE RD/RED CLAY RD,Anne Arundel
2022350236,2022-12-03,GATEWATER CT,Anne Arundel
2022350235,2022-12-03,GLEN RIDGE CIR,Anne Arundel
2022350227,2022-12-03,LINDERA CT,Anne Arundel
2022350055,2022-12-02,VETERANS HWY,Anne Arundel
2022349975,2022-12-02,GREAT BEND RD,Anne Arundel
2022349976,2022-12-02,LADY ASTOR CT,Anne Arundel
2022349937,2022-12-02,CHURCH ST,Anne Arundel
2022349929,2022-12-02,CHESAPEAKE CENTER DR,Anne Arundel
2022349888,2022-12-02,OLD RIVERSIDE RD,Anne Arundel
2022349872,2022-12-02,FARLEY CT N,Anne Arundel
2022349842,2022-12-02,COLONY RD,Anne Arundel
2022349751,2022-12-02,RITCHIE HWY,Anne Arundel
2022349748,2022-12-02,HERALD HARBOR RD,Anne Arundel
2022349698,2022-12-02,PACKARD AVE,Anne Arundel
2022349647,2022-12-02,CRAIN HWY S,Anne Arundel
2022349559,2022-12-02,CHESAPEAKE MOBILE CT,Anne Arundel
2022349379,2022-12-02,MAPLE TREE DR,Anne Arundel
2022349315,2022-12-02,TOWN CENTER BLVD,Anne Arundel
2022349007,2022-12-02,HORTONIA POINT DR,Anne Arundel
2022348856,2022-12-01,RITCHIE HWY,Anne Arundel
2022348853,2022-12-01,BLACKWALNUT LN,Anne Arundel
2022348835,2022-12-01,DELMONT RD,Anne Arundel
2022348714,2022-12-01,W NURSERY RD,Anne Arundel
2022348638,2022-12-01,SOUTHERLY RD,Anne Arundel
2022348602,2022-12-01,NB RT10/E ORDNANCE RD,Anne Arundel
2022348585,2022-12-01,S WINCHESTER RD/SEVERN HEIGHTS OVERLOOK,Anne Arundel
2022348564,2022-12-01,LITTON DALE LN,Anne Arundel
2022348417,2022-12-01,MOUNTAIN RD,Anne Arundel
2022348269,2022-12-01,WILD CRANBERRY DR,Anne Arundel
2022348218,2022-12-01,SB RT10/MOUNTAIN RD,Anne Arundel
2022348106,2022-12-01,CRAIN HWY N,Anne Arundel
2022348105,2022-12-01,CRAIN HWY N,Anne Arundel
2022348094,2022-12-01,RIVER RD,Anne Arundel
2022347909,2022-12-01,ASHWOOD CT,Anne Arundel
2022347735,2022-11-30,GLEN RIDGE RD,Anne Arundel
2022347691,2022-11-30,CHESTNUT TREE DR,Anne Arundel
2022347674,2022-11-30,SMITHY SQ,Anne Arundel
2022347554,2022-11-30,LEITCH LN,Anne Arundel
2022347503,2022-11-30,RITCHIE HWY,Anne Arundel
2022347385,2022-11-30,E ORDNANCE RD,Anne Arundel
2022347200,2022-11-30,RITCHIE HWY,Anne Arundel
2022346784,2022-11-30,BURLETTA CT,Anne Arundel
2022346658,2022-11-29,ANDOVER RD,Anne Arundel
2022346496,2022-11-29,TRAFALGAR CIR,Anne Arundel
2022346381,2022-11-29,SOLOMONS ISLAND RD/EB US50,Anne Arundel
2022346177,2022-11-29,ANNAPOLIS RD,Anne Arundel
2022345719,2022-11-29,CROSSBAY DR,Anne Arundel
2022345619,2022-11-29,OLD MILL RD,Anne Arundel
2022345533,2022-11-28,KUETHE RD,Anne Arundel
2022345469,2022-11-28,EBONY LN,Anne Arundel
2022345456,2022-11-28,RITCHIE HWY,Anne Arundel
2022345364,2022-11-28,LIBERTY CIR,Anne Arundel
2022345342,2022-11-28,WEST ST,Anne Arundel
2022345338,2022-11-28,W SHORE RD,Anne Arundel
2022344979,2022-11-28,ANDOVER RD,Anne Arundel
2022344461,2022-11-28,BARKWOOD RD,Anne Arundel
2022344397,2022-11-27,HEARNE RD,Anne Arundel
2022344393,2022-11-27,COMMISSARY CIR,Anne Arundel
2022344334,2022-11-27,OAK MANOR DR,Anne Arundel
2022344318,2022-11-27,QUARTERFIELD RD,Anne Arundel
2022344192,2022-11-27,RITCHIE HWY,Anne Arundel
2022344066,2022-11-27,ARUNDEL MILLS CIR,Anne Arundel
2022343949,2022-11-27,RITCHIE HWY/PASADENA RD,Anne Arundel
2022343841,2022-11-27,SAND BROOK CT,Anne Arundel
2022343840,2022-11-27,FURNACE BRANCH RD E,Anne Arundel
2022343820,2022-11-27,REECE RD,Anne Arundel
2022343783,2022-11-27,NB I97/HAWKINS RD,Anne Arundel
2022343750,2022-11-27,CRAIN HWY N,Anne Arundel
2022343685,2022-11-27,HENSLOWE CT,Anne Arundel
2022343641,2022-11-26,6TH ST,Anne Arundel
2022343629,2022-11-26,CRAIN HWY N,Anne Arundel
2022343579,2022-11-26,LAUREL FORT MEADE RD,Anne Arundel
2022343538,2022-11-26,BENESCH CIR,Anne Arundel
2022343473,2022-11-26,BELLERIVE DR/COLLEGE PKWY,Anne Arundel
2022343245,2022-11-26,WRIGHT AVE,Anne Arundel
2022343144,2022-11-26,220TH ST,Anne Arundel
2022342962,2022-11-26,CENTRAL AVE W,Anne Arundel
2022342958,2022-11-26,FURNACE BRANCH RD E,Anne Arundel
2022342907,2022-11-26,PHILLIP DR,Anne Arundel
2022342890,2022-11-26,FORT SMALLWOOD RD,Anne Arundel
2022342886,2022-11-26,GATEWATER CT,Anne Arundel
2022342810,2022-11-26,OAKWOOD STATION RD,Anne Arundel
2022342745,2022-11-25,VINTAGE DR,Anne Arundel
2022342667,2022-11-25,BROOKWOOD RD,Anne Arundel
2022342582,2022-11-25,LINDEN LN NW,Anne Arundel
2022342555,2022-11-25,RITCHIE HWY,Anne Arundel
2022342466,2022-11-25,BALTIMORE ANNAPOLIS BLVD,Anne Arundel
2022342416,2022-11-25,COLONY RD,Anne Arundel
2022342374,2022-11-25,CENTRAL AVE W,Anne Arundel
2022342335,2022-11-25,TOWNSEND AVE,Anne Arundel
2022342307,2022-11-25,SB SOLOMONS ISL ONR NB FOREST/FOREST DR,Anne Arundel
2022342302,2022-11-25,JOHN ST,Anne Arundel
2022342284,2022-11-25,CHALK POINT RD,Anne Arundel
2022342121,2022-11-25,ALLEY 50/BELLE GROVE RD,Anne Arundel
2022342075,2022-11-25,OLD MILL BLVD/CHALET DR,Anne Arundel
2022342023,2022-11-25,STEPNEYS LN,Anne Arundel
2022342011,2022-11-25,GEORGIA AVE NE,Anne Arundel
2022342009,2022-11-25,RUSSETT GRN E,Anne Arundel
2022341972,2022-11-25,RIEDEL RD,Anne Arundel
2022341950,2022-11-25,FITZALLEN RD/AMBERLY RD,Anne Arundel
2022341816,2022-11-24,MAYTIME DR,Anne Arundel
2022341802,2022-11-24,BRADDOCK DR,Anne Arundel
2022341800,2022-11-24,BRADDOCK DR,Anne Arundel
2022341797,2022-11-24,GEORGE HOWARD WAY,Anne Arundel
2022341796,2022-11-24,GEORGE HOWARD WAY,Anne Arundel
2022341724,2022-11-24,RITCHIE HWY,Anne Arundel
2022341667,2022-11-24,BELLE GROVE RD,Anne Arundel
2022341497,2022-11-24,GLENWOOD ST,Anne Arundel
2022341460,2022-11-24,GENERALS HWY/CORBIN PKWY,Anne Arundel
2022341419,2022-11-24,HEARNE RD,Anne Arundel
2022341409,2022-11-24,NURSERY RD,Anne Arundel
2022341314,2022-11-23,MARLEY NECK BLVD/TANYARD SPRINGS LN,Anne Arundel
2022341305,2022-11-23,EASTHAM CT,Anne Arundel
2022341286,2022-11-23,BROOKS TERRACE RD,Anne Arundel
2022341280,2022-11-23,TOWNE CENTRE BLVD,Anne Arundel
2022341227,2022-11-23,PIPERS DL/WENDE WAY,Anne Arundel
2022341134,2022-11-23,"ARUNDEL MILLS CIR, C1",Anne Arundel
2022340854,2022-11-23,EB US50/SOLOMONS ISLAND RD,Anne Arundel
2022340794,2022-11-23,RITCHIE HWY,Anne Arundel
2022340706,2022-11-23,RITCHIE HWY,Anne Arundel
2022340642,2022-11-23,4TH ST,Anne Arundel
2022340603,2022-11-23,SEPTEMBER DR,Anne Arundel
2022340215,2022-11-22,SOUTHBRIDGE DR,Anne Arundel
2022340206,2022-11-22,HAZELWOOD RD,Anne Arundel
2022340204,2022-11-22,SUNNYFIELD LN,Anne Arundel
2022340106,2022-11-22,SUNNY RIDGE DR,Anne Arundel
2022339817,2022-11-22,ELKRIDGE DR,Anne Arundel
2022339797,2022-11-22,BRUCE AVE,Anne Arundel
2022339739,2022-11-22,CHESAPEAKE CENTER DR,Anne Arundel
2022339738,2022-11-22,CHESAPEAKE CENTER DR,Anne Arundel
2022339283,2022-11-22,FIDDLERS HILL RD,Anne Arundel
2022339195,2022-11-21,LEXINGTON DR,Anne Arundel
2022339173,2022-11-21,RITCHIE HWY,Anne Arundel
2022339109,2022-11-21,WOODHILL DR,Anne Arundel
2022338946,2022-11-21,FORT SMALLWOOD RD,Anne Arundel
2022338682,2022-11-21,CHRISTMAS LN,Anne Arundel
2022338440,2022-11-21,BROOKVIEW AVE/PASADENA RD,Anne Arundel
2022338410,2022-11-21,CARRONADE WAY/CATHEAD DR,Anne Arundel
2022338281,2022-11-21,RITCHIE HWY,Anne Arundel
2022338106,2022-11-20,QUEENS PARK RD,Anne Arundel
2022337769,2022-11-20,Washington Blvd,Anne Arundel
2022337663,2022-11-20,"MEADE VILLAGE CIR, 388",Anne Arundel
2022337632,2022-11-20,COUNTRY GROVE LN/MAGOTHY BRIDGE RD,Anne Arundel
2022337510,2022-11-20,HARDMOORE CT,Anne Arundel
2022337250,2022-11-19,MARTINS GRANT CT,Anne Arundel
2022336870,2022-11-19,CHURCH ST,Anne Arundel
2022336817,2022-11-19,CRAIN HWY N/DAVIDSONVILLE RD,Anne Arundel
2022336725,2022-11-19,FURNACE BRANCH RD W/RITCHIE ST,Anne Arundel
2022336704,2022-11-19,ELVATON RD/RAINBOW CT,Anne Arundel
2022336653,2022-11-19,THOMAS POINT RD/ARUNDEL ON THE BAY RD,Anne Arundel
2022336561,2022-11-19,"S MAIN CHAPEL WAY, 104",Anne Arundel
2022336555,2022-11-19,SEWELL FARM DR/RIDGE CHAPEL RD,Anne Arundel
2022336540,2022-11-19,MOUNTAIN RD,Anne Arundel
2022336517,2022-11-19,RIDGE VIEW CT,Anne Arundel
2022336415,2022-11-18,LAUREL FORT MEADE RD,Anne Arundel
2022336395,2022-11-18,ARUNDEL MILLS CIR,Anne Arundel
2022336370,2022-11-18,KRAMER CT/CRAINMONT DR,Anne Arundel
2022336304,2022-11-18,DELMAR AVE,Anne Arundel
2022336290,2022-11-18,TALL CEDARS LN/BLUE WATER BLVD,Anne Arundel
2022336133,2022-11-18,LESLIE WAY,Anne Arundel
2022335912,2022-11-18,PENINSULA FARM RD,Anne Arundel
2022335910,2022-11-18,OLD SOLOMONS ISLAND RD/FOREST DR,Anne Arundel
2022335692,2022-11-18,CENTRAL AVE W,Anne Arundel
2022335634,2022-11-18,BOATWRIGHT DR/REDCLIFF CT,Anne Arundel
2022335414,2022-11-18,MAPLE AVE/CEDAR WINDS FARM LN,Anne Arundel
2022334984,2022-11-17,TWIN OAKS DR,Anne Arundel
2022334828,2022-11-17,WOODHILL DR,Anne Arundel
2022334763,2022-11-17,SHADYSIDE DR/OAKWOOD RD,Anne Arundel
2022334613,2022-11-17,HAMMONDS LN,Anne Arundel
2022334569,2022-11-17,CRAIN HWY N,Anne Arundel
2022334521,2022-11-17,DAVIS CT,Anne Arundel
2022333562,2022-11-16,ANDOVER RD,Anne Arundel
2022333522,2022-11-16,SAINT STEPHENS CHURCH RD,Anne Arundel
2022333452,2022-11-16,1ST AVE E,Anne Arundel
2022333133,2022-11-16,PLEASANTVILLE DR,Anne Arundel
2022332932,2022-11-16,PHILLIP DR,Anne Arundel
2022332698,2022-11-15,OLD CROWN DR,Anne Arundel
2022332648,2022-11-15,ROSCOE ROWE BLVD/BESTGATE RD,Anne Arundel
2022332632,2022-11-15,KINGSLEY CT,Anne Arundel
2022332619,2022-11-15,W NURSERY RD,Anne Arundel
2022332618,2022-11-15,W NURSERY RD,Anne Arundel
2022332473,2022-11-15,ARUNDEL MILLS CIR,Anne Arundel
2022332231,2022-11-15,MEADE VILLAGE CIR,Anne Arundel
2022332170,2022-11-15,BALTIMORE ANNAPOLIS BLVD,Anne Arundel
2022331892,2022-11-15,RITCHIE HWY,Anne Arundel
2022331777,2022-11-15,PAVILION PKWY/JENNIFER RD,Anne Arundel
2022331691,2022-11-15,CRAIN HWY N,Anne Arundel
2022331456,2022-11-14,RITCHIE HWY,Anne Arundel
2022331453,2022-11-14,CENTRAL AVE,Anne Arundel
2022331081,2022-11-14,MARLEY STATION RD,Anne Arundel
2022330742,2022-11-14,SOMERSET DR,Anne Arundel
2022330312,2022-11-13,EDISON ST/RITCHIE HWY,Anne Arundel
2022329765,2022-11-13,PARK HALL SOUTH,Anne Arundel
2022329542,2022-11-12,BURWOOD AVE,Anne Arundel
2022329419,2022-11-12,HENSON RD,Anne Arundel
2022328485,2022-11-11,LYN DALE DR,Anne Arundel
2022328310,2022-11-11,HAMMARLEE RD,Anne Arundel
2022327787,2022-11-11,HOSPITAL DR,Anne Arundel
2022327418,2022-11-10,ALLEY 75/DELL ST,Anne Arundel
2022327215,2022-11-10,E ORDNANCE RD,Anne Arundel
2022327044,2022-11-10,MAPLE AVE/SUNLIGHT CIR,Anne Arundel
2022327025,2022-11-10,BALTIMORE ANNAPOLIS BLVD,Anne Arundel
2022326016,2022-11-09,ADMIRAL COCHRANE DR,Anne Arundel
2022325847,2022-11-09,TELEGRAPH RD,Anne Arundel
2022325542,2022-11-09,N PATUXENT RD,Anne Arundel
2022324873,2022-11-08,ARUNDEL MILLS CIR,Anne Arundel
2022323907,2022-11-08,HAMMONDS LN/GROVE RIDGE CT,Anne Arundel
2022323172,2022-11-07,WOODHILL DR,Anne Arundel
2022322038,2022-11-06,BRIARWOOD PL,Anne Arundel
2022321728,2022-11-06,DREXEL DR,Anne Arundel
2022321693,2022-11-06,FERNDALE RD,Anne Arundel
2022321663,2022-11-06,SOUTHBRIDGE DR,Anne Arundel
2022321059,2022-11-05,WOODHILL DR,Anne Arundel
2022320842,2022-11-05,TEAGUE RD,Anne Arundel
2022320012,2022-11-04,MAGO VISTA RD/CENTURY VISTA DR,Anne Arundel
2022319891,2022-11-04,10TH AVE/MORGAN RD,Anne Arundel
2022319734,2022-11-04,RITCHIE HWY,Anne Arundel
2022319686,2022-11-04,MOUNT VERNON AVE/PINE AVE,Anne Arundel
2022319588,2022-11-04,N PATUXENT RD,Anne Arundel
2022319464,2022-11-04,GEORGIA AVE NE,Anne Arundel
2022319398,2022-11-04,KNIGHTSBRIDGE TURN,Anne Arundel
2022318500,2022-11-03,PASSAMAQUODY HBR,Anne Arundel
2022318262,2022-11-03,ULLSWATER PL,Anne Arundel
2022318065,2022-11-02,HOME WATER CT,Anne Arundel
2022317831,2022-11-02,RAPID WATER WAY,Anne Arundel
2022317515,2022-11-02,RITCHIE HWY,Anne Arundel
2022316422,2022-11-01,DANA ST,Anne Arundel
2022315986,2022-11-01,RIVA RD,Anne Arundel
2022315918,2022-11-01,FAIRHAVEN LN,Anne Arundel
2022315795,2022-11-01,S MAIN CHAPEL WAY,Anne Arundel
2022314174,2022-10-30,STONEY RUN DR,Anne Arundel
2022312501,2022-10-28,CAVALIER CIR,Anne Arundel
2022312347,2022-10-28,CRESSWELL RD,Anne Arundel
2022311436,2022-10-28,CHRISTIANA CT,Anne Arundel
2022310576,2022-10-27,JAGUAR DR,Anne Arundel
2022310138,2022-10-27,FAYWOOD AVE,Anne Arundel
2022308879,2022-10-25,PAMELA RD,Anne Arundel
2022308865,2022-10-25,CRAIN HWY S,Anne Arundel
2022308357,2022-10-25,SCOTTS MANOR CT,Anne Arundel
2022307962,2022-10-25,CARVER RD,Anne Arundel
2022307781,2022-10-24,RIVIERA DR,Anne Arundel
2022307626,2022-10-24,HIGHLAND DR,Anne Arundel
2022307170,2022-10-24,CLARK RD,Anne Arundel
2022306364,2022-10-23,A ST SW,Anne Arundel
2022306012,2022-10-23,MOUNT ZION MARLBORO RD,Anne Arundel
2022305953,2022-10-23,HARBOUR GATES DR,Anne Arundel
2022304594,2022-10-21,CIRCLE DR,Anne Arundel
2022304516,2022-10-21,CRILLEY RD,Anne Arundel
2022304477,2022-10-21,CAMP MEADE RD N,Anne Arundel
2022302237,2022-10-19,SEWARD AVE,Anne Arundel
2022302003,2022-10-19,RED LION WAY,Anne Arundel
2022301496,2022-10-19,ELKRIDGE LANDING RD,Anne Arundel
2022301254,2022-10-19,BROOKWOOD RD,Anne Arundel
2022301059,2022-10-18,ELM ST,Anne Arundel
2022300784,2022-10-18,AMERICANA CIR,Anne Arundel
2022300716,2022-10-18,POLK CIR,Anne Arundel
2022299921,2022-10-17,KNIGHTSBRIDGE TURN,Anne Arundel
2022299754,2022-10-17,BELLERIVE DR,Anne Arundel
2022299686,2022-10-17,LEYMAR RD,Anne Arundel
2022298797,2022-10-16,SEVERN CHAPEL RD,Anne Arundel
2022298115,2022-10-16,AVIEW TER,Anne Arundel
2022297805,2022-10-15,GORDON CT,Anne Arundel
2022296997,2022-10-14,SPRING RACE CT,Anne Arundel
2022296531,2022-10-14,SIGNALMAN CT,Anne Arundel
2022296273,2022-10-14,FRANKLIN AVE,Anne Arundel
2022295777,2022-10-13,TANEY AVE,Anne Arundel
2022295508,2022-10-13,MOUNT TABOR RD/HUNTVALLEY WAY,Anne Arundel
2022295397,2022-10-13,CARROLL RD,Anne Arundel
2022295014,2022-10-13,RITCHIE HWY,Anne Arundel
2022294765,2022-10-12,MEADOWOOD DR,Anne Arundel
2022294760,2022-10-12,ADMIRAL DR,Anne Arundel
2022294750,2022-10-12,LAKE SHORE DR,Anne Arundel
2022294706,2022-10-12,SHIRLEY MURPHY CT,Anne Arundel
2022293667,2022-10-11,HILLVIEW DR,Anne Arundel
2022293573,2022-10-11,WILLOW ST,Anne Arundel
2022292528,2022-10-10,HOLLYWOOD CT,Anne Arundel
2022292029,2022-10-10,6TH ST/CHURCH ST,Anne Arundel
2022291582,2022-10-09,CRAIN HWY S,Anne Arundel
2022291403,2022-10-09,GEORGIA AVE NE,Anne Arundel
2022291363,2022-10-09,GLEN MAR RD,Anne Arundel
2022290975,2022-10-09,BALTIMORE ANNAPOLIS BLVD,Anne Arundel
2022290899,2022-10-09,GEORGIA AVE NE,Anne Arundel
2022290785,2022-10-09,BALTIMORE ANNAPOLIS BLVD,Anne Arundel
2022290245,2022-10-08,KING MALCOLM AVE,Anne Arundel
2022290129,2022-10-08,MARTHA GREENLEAF DR,Anne Arundel
2022289219,2022-10-07,RITCHIE HWY,Anne Arundel
2022288908,2022-10-07,WOMACK DR,Anne Arundel
2022288817,2022-10-07,DEALE CHURCHTON RD,Anne Arundel
2022287315,2022-10-05,FOREST DR,Anne Arundel
2022286941,2022-10-05,POLK CIR,Anne Arundel
2022286379,2022-10-04,SOLOMONS ISLAND RD,Anne Arundel
2022286028,2022-10-04,BENNINGTON WAY,Anne Arundel
2022285520,2022-10-03,NEWTOWNE DR,Anne Arundel
2022285509,2022-10-03,COMMUNITY PL,Anne Arundel
2022285352,2022-10-03,BASKIN ST,Anne Arundel
2022285256,2022-10-03,RIVA RD,Anne Arundel
2022284933,2022-10-03,HAMMONDS LN,Anne Arundel
2022284460,2022-10-02,BERGER ST,Anne Arundel
2022283992,2022-10-02,CHURCH ST,Anne Arundel
2022283333,2022-10-01,MARGATE DR,Anne Arundel
2022282681,2022-09-30,ANDOVER RD,Anne Arundel
2022281872,2022-09-29,MEADE VILLAGE CIR,Anne Arundel
2022281224,2022-09-29,CEDAR DR,Anne Arundel
2022280555,2022-09-28,OAK BLUFF RD,Anne Arundel
2022280394,2022-09-28,HOLLINS FERRY RD S,Anne Arundel
2022279542,2022-09-27,SOUTH CAROLINA AVE,Anne Arundel
2022279389,2022-09-27,LEE AIRPARK DR,Anne Arundel
2022279179,2022-09-27,A ST,Anne Arundel
2022278600,2022-09-26,ARDENWOOD TER,Anne Arundel
2022278519,2022-09-26,20TH ST,Anne Arundel
2022277875,2022-09-26,STOCKETTS RUN RD,Anne Arundel
2022277504,2022-09-25,OLD BIRDSVILLE RD,Anne Arundel
2022277020,2022-09-25,TALL PINES CT/ELVATON RD,Anne Arundel
2022277019,2022-09-25,TALL PINES CT/ELVATON RD,Anne Arundel
2022276733,2022-09-24,WOMACK DR,Anne Arundel
2022276692,2022-09-24,INTERNATIONAL DR,Anne Arundel
2022276662,2022-09-24,CIRCLE DR,Anne Arundel
2022276618,2022-09-24,FOXFARM LN,Anne Arundel
2022276580,2022-09-24,RITCHIE HWY/SYCAMORE DR,Anne Arundel
2022276450,2022-09-24,MEADE VILLAGE CIR,Anne Arundel
2022276397,2022-09-24,MEADE VILLAGE CIR,Anne Arundel
2022276329,2022-09-24,KING MALCOLM AVE,Anne Arundel
2022276322,2022-09-24,COOL BREEZE CT,Anne Arundel
2022275979,2022-09-24,EVERGREEN RD,Anne Arundel
2022275801,2022-09-23,CENTRAL AVE E,Anne Arundel
2022275789,2022-09-23,FLINTSHIRE CT,Anne Arundel
2022275709,2022-09-23,FAIRHAVEN LN,Anne Arundel
2022275569,2022-09-23,WELLESLEY CT,Anne Arundel
2022275485,2022-09-23,CEDAR FURNACE CIR,Anne Arundel
2022275474,2022-09-23,ARUNDEL MILLS CIR,Anne Arundel
2022275223,2022-09-23,"HILLVIEW DR,",Anne Arundel
2022274444,2022-09-22,PLEASANTVILLE DR,Anne Arundel
2022274442,2022-09-22,PLEASANTVILLE DR,Anne Arundel
2022274318,2022-09-22,RITCHIE HWY,Anne Arundel
2022274219,2022-09-22,TELEGRAPH RD/REECE RD,Anne Arundel
2022273748,2022-09-22,ADMIRAL COCHRANE DR,Anne Arundel
2022273626,2022-09-22,GEORGIA AVE NE,Anne Arundel
2022273308,2022-09-21,RITCHIE HWY,Anne Arundel
2022272963,2022-09-21,BALTIMORE ANNAPOLIS BLVD,Anne Arundel
2022272811,2022-09-21,CRAIN HWY N/FURNACE BRANCH RD W,Anne Arundel
2022272292,2022-09-20,FAIRLEA DR,Anne Arundel
2022272175,2022-09-20,DALES WAY DR,Anne Arundel
2022271810,2022-09-20,KINGS RD,Anne Arundel
2022270969,2022-09-19,WARFIELD RD,Anne Arundel
2022270887,2022-09-19,ALLEY 84/MORGAN RD,Anne Arundel
2022270454,2022-09-19,BESTGATE RD,Anne Arundel
2022269601,2022-09-18,HARRIET DR,Anne Arundel
2022269591,2022-09-18,GREENLEAF TER,Anne Arundel
2022269089,2022-09-17,NORTHRIDGE WAY,Anne Arundel
2022268712,2022-09-17,RITCHIE HWY,Anne Arundel
2022268671,2022-09-17,SUNSHINE CT,Anne Arundel
2022268186,2022-09-16,DORIS AVE,Anne Arundel
2022267866,2022-09-16,VALLEY CREEK RD,Anne Arundel
2022266983,2022-09-15,WEST CT,Anne Arundel
2022266643,2022-09-15,JAY CT,Anne Arundel
2022265225,2022-09-14,BROOKWOOD RD,Anne Arundel
2022265070,2022-09-14,CAYER DR,Anne Arundel
2022264047,2022-09-13,SAINT MARGARETS DR,Anne Arundel
2022263970,2022-09-13,GLEN RIDGE CIR,Anne Arundel
2022262608,2022-09-12,BALLMAN CT,Anne Arundel
2022261559,2022-09-11,WESTPORT BAY DR,Anne Arundel
2022261503,2022-09-10,STONEY HILL CT,Anne Arundel
2022261134,2022-09-10,RITCHIE HWY/BELLE GROVE RD,Anne Arundel
2022260059,2022-09-09,PRINCE CHARLES AVE,Anne Arundel
2022259911,2022-09-09,WOODHOLME CIR,Anne Arundel
2022259287,2022-09-08,GARRETT RD,Anne Arundel
2022259221,2022-09-08,HARTFORD RD,Anne Arundel
2022259052,2022-09-08,VALIANT CIR,Anne Arundel
2022258996,2022-09-08,MILTON CT,Anne Arundel
2022256732,2022-09-06,RANDELL RD,Anne Arundel
2022254851,2022-09-04,DONNA DR,Anne Arundel
2022254199,2022-09-04,BROADVIEW BLVD S,Anne Arundel
2022254160,2022-09-04,CAMP MEADE RD N,Anne Arundel
2022254016,2022-09-03,CRAIN HWY N,Anne Arundel
2022253913,2022-09-03,WINBORNE DR,Anne Arundel
2022253721,2022-09-03,HAMELLA CT,Anne Arundel
2022253702,2022-09-03,OAKDALE RD,Anne Arundel
2022253643,2022-09-03,ARUNDEL MILLS CIR,Anne Arundel
2022253073,2022-09-02,1ST ST,Anne Arundel
2022253015,2022-09-02,CAMBRIDGE DR,Anne Arundel
2022252891,2022-09-02,LINDERA CT,Anne Arundel
2022252578,2022-09-02,WINTERSON RD,Anne Arundel
2022252450,2022-09-02,FAIRHILL DR,Anne Arundel
2022251842,2022-09-01,8TH AVE,Anne Arundel
2022251825,2022-09-01,GARRETT RD,Anne Arundel
2022251813,2022-09-01,JAGUAR DR,Anne Arundel
2022251132,2022-09-01,FURNACE BRANCH RD E,Anne Arundel
2022247968,2022-08-29,ARUNDEL MILLS BLVD,Anne Arundel
2022247829,2022-08-29,COLONIAL RIDGE LN,Anne Arundel
2022247789,2022-08-29,TALL PINES CT,Anne Arundel
2022247070,2022-08-29,RITCHIE HWY,Anne Arundel
2022247049,2022-08-29,BRUCE AVE,Anne Arundel
2022245951,2022-08-27,"NARRAGANSETT AVE/MAGNOLIA AVE",Anne Arundel
2022245912,2022-08-27,BRIARVIEW CT,Anne Arundel
2022245862,2022-08-27,MEADE VILLAGE CIR,Anne Arundel
2022245708,2022-08-27,JAGUAR DR,Anne Arundel
2022245138,2022-08-27,CHESAPEAKE CENTER DR,Anne Arundel
2022244271,2022-08-26,LAUREL FORT MEADE RD,Anne Arundel
2022243995,2022-08-25,BERGER ST,Anne Arundel
2022243978,2022-08-25,CHADWICK CT,Anne Arundel
2022242844,2022-08-24,ARUNDEL MILLS BLVD,Anne Arundel
2022242722,2022-08-24,PRINCE CHARLES AVE,Anne Arundel
2022242620,2022-08-24,CIRCLE DR,Anne Arundel
2022242594,2022-08-24,VETERANS HWY,Anne Arundel
2022242574,2022-08-24,LAUREL FORT MEADE RD,Anne Arundel
2022242294,2022-08-24,SHADY SIDE RD,Anne Arundel
2022242169,2022-08-24,MOUNTAIN RD,Anne Arundel
2022242153,2022-08-24,QUEENSTOWN RD,Anne Arundel
2022242066,2022-08-24,CHESTON LN,Anne Arundel
2022241850,2022-08-23,MORAINE DR,Anne Arundel
2022241733,2022-08-23,CENTENNIAL CIR,Anne Arundel
2022241711,2022-08-23,TILGHMAN DR,Anne Arundel
2022241574,2022-08-23,WILLING CT,Anne Arundel
2022241514,2022-08-23,RITCHIE HWY,Anne Arundel
2022240703,2022-08-22,PASADENA RD,Anne Arundel
2022239947,2022-08-21,CRAIN HWY N/FURNACE BRANCH RD W,Anne Arundel
2022239921,2022-08-21,STONE WHEEL CT W,Anne Arundel
2022239603,2022-08-21,RITCHIE HWY,Anne Arundel
2022239553,2022-08-21,DUNLAP RD,Anne Arundel
2022239234,2022-08-20,GARRETT RD,Anne Arundel
2022238786,2022-08-20,QUEENS PARK RD,Anne Arundel
2022238450,2022-08-20,ARUNDEL MILLS CIR,Anne Arundel
2022238430,2022-08-20,STONINGTON DR,Anne Arundel
2022238137,2022-08-19,WOODHILL DR,Anne Arundel
2022237998,2022-08-19,RITCHIE HWY,Anne Arundel
2022237625,2022-08-19,SHADY SIDE RD,Anne Arundel
2022237557,2022-08-19,BENESCH CIR,Anne Arundel
2022237191,2022-08-18,RITCHIE HWY,Anne Arundel
2022236662,2022-08-18,ADMIRAL COCHRANE DR,Anne Arundel
2022235798,2022-08-17,SOUTH RIVER RD S,Anne Arundel
2022235766,2022-08-17,MEADOW LN,Anne Arundel
2022235407,2022-08-17,PAMELA RD,Anne Arundel
2022235332,2022-08-17,VICTORY AVE,Anne Arundel
2022235220,2022-08-17,RITCHIE HWY,Anne Arundel
2022234985,2022-08-16,DORSEY DR,Anne Arundel
2022233918,2022-08-15,RITCHIE HWY/E ORDNANCE RD,Anne Arundel
2022233736,2022-08-15,WOODLAND MANOR DR,Anne Arundel
2022233469,2022-08-15,OLD CHANNEL RD,Anne Arundel
2022233150,2022-08-14,PEMBROOKE CT,Anne Arundel
2022232643,2022-08-14,MAPLE AVE,Anne Arundel
2022232047,2022-08-13,HILLVIEW DR,Anne Arundel
2022231738,2022-08-13,RITCHIE HWY,Anne Arundel
2022231689,2022-08-13,WENDOVER RD,Anne Arundel
2022231358,2022-08-12,HALF MOON GLN,Anne Arundel
2022231148,2022-08-12,GWYNNE AVE,Anne Arundel
2022230635,2022-08-12,SHADOW PARK DR/FINCHLEIGH ST,Anne Arundel
2022230094,2022-08-11,BELL TOWER XING,Anne Arundel
2022229295,2022-08-10,WELLHAM AVE,Anne Arundel
2022229143,2022-08-10,HAILE AVE,Anne Arundel
2022228744,2022-08-10,FERNDALE RD,Anne Arundel
2022228312,2022-08-09,MUNDELL RD,Anne Arundel
2022227181,2022-08-08,CRAIN HWY S,Anne Arundel
2022226633,2022-08-08,RITCHIE HWY,Anne Arundel
2022225953,2022-08-07,MIDDLEGATE CT,Anne Arundel
2022225920,2022-08-07,1ST AVE S,Anne Arundel
2022225347,2022-08-06,BENESCH CIR,Anne Arundel
2022224811,2022-08-06,HAMMONDS FERRY RD N,Anne Arundel
2022224813,2022-08-06,HAMMONDS FERRY RD N,Anne Arundel
2022224674,2022-08-06,OLD MILL BOTTOM RD N,Anne Arundel
2022224073,2022-08-05,ATHERSTONE LN,Anne Arundel
2022224061,2022-08-05,JUNE WAY,Anne Arundel
2022223977,2022-08-05,NOLPARK CT,Anne Arundel
2022223678,2022-08-05,FORT SMALLWOOD RD/RIVIERA DR,Anne Arundel
2022223285,2022-08-04,GOLDSBOROUGH LN,Anne Arundel
2022222659,2022-08-04,RITCHIE HWY,Anne Arundel
2022222646,2022-08-04,ALLEY 68/5TH AVE,Anne Arundel
2022222263,2022-08-03,JEWELL RD,Anne Arundel
2022222054,2022-08-03,MOUNTAIN RD,Anne Arundel
2022221642,2022-08-03,RITCHIE HWY,Anne Arundel
2022221635,2022-08-03,BACON RIDGE RD,Anne Arundel
2022221556,2022-08-03,WASENA AVE,Anne Arundel
2022221026,2022-08-02,SHAMROCK CT,Anne Arundel
2022220830,2022-08-02,FAYWOOD AVE,Anne Arundel
2022220728,2022-08-02,RYAN RD,Anne Arundel
2022219602,2022-08-01,GEORGIA AVE NW,Anne Arundel
2022219500,2022-08-01,MOUNTAIN RD/BALTIMORE ANNAPOLIS BLVD,Anne Arundel
2022218843,2022-07-31,OLD MILL RD,Anne Arundel
2022218690,2022-07-31,QUIET HOLLOW CT,Anne Arundel
2022218572,2022-07-31,CHESTNUT TRL,Anne Arundel
2022218494,2022-07-31,SOUTHERN HILLS DR,Anne Arundel
2022218486,2022-07-31,HOLLY AVE,Anne Arundel
2022218271,2022-07-30,LOCUST DR,Anne Arundel
2022218147,2022-07-30,RITCHIE HWY,Anne Arundel
2022218084,2022-07-30,SHORE FOREST DR,Anne Arundel
2022217881,2022-07-30,MOUNTAIN RD,Anne Arundel
2022217739,2022-07-30,1ST ST,Anne Arundel
2022217490,2022-07-30,210TH ST,Anne Arundel
2022217266,2022-07-29,RITCHIE HWY,Anne Arundel
2022217260,2022-07-29,LONGWOOD AVE,Anne Arundel
2022217228,2022-07-29,RETREAT CT,Anne Arundel
2022217114,2022-07-29,ANNAPOLIS MALL,Anne Arundel
2022217003,2022-07-29,BAYBERRY DR,Anne Arundel
2022217001,2022-07-29,DICUS MILL RD,Anne Arundel
2022216933,2022-07-29,WEST ST,Anne Arundel
2022216861,2022-07-29,RIVIERA DR,Anne Arundel
2022216693,2022-07-29,SEXTANT CT,Anne Arundel
2022215948,2022-07-28,BROOKWOOD RD,Anne Arundel
2022215280,2022-07-27,BALTIMORE ANNAPOLIS BLVD,Anne Arundel
2022215059,2022-07-27,ELKRIDGE LANDING RD,Anne Arundel
2022214947,2022-07-27,ARUNDEL MILLS CIR,Anne Arundel
2022214778,2022-07-27,CIRCLE DR,Anne Arundel
2022214384,2022-07-27,MERRITT DR,Anne Arundel
2022213624,2022-07-26,WILD CRANBERRY DR,Anne Arundel
2022213519,2022-07-26,HAWK CT,Anne Arundel
2022213225,2022-07-26,CEDAR HILL RD,Anne Arundel
2022212738,2022-07-25,RITCHIE HWY,Anne Arundel
2022212205,2022-07-25,CHESTER CIR,Anne Arundel
2022212138,2022-07-25,HILLCREEK RD,Anne Arundel
2022211958,2022-07-24,RITCHIE HWY,Anne Arundel
2022210851,2022-07-23,HAMMONDS FERRY RD S,Anne Arundel
2022210787,2022-07-23,ARUNDEL MILLS CIR,Anne Arundel
2022210726,2022-07-23,MASHIE CT,Anne Arundel
2022210556,2022-07-23,BALTIMORE ANNAPOLIS BLVD,Anne Arundel
2022210547,2022-07-23,FAIRFAX AVE,Anne Arundel
2022209971,2022-07-23,SCOTT AVE,Anne Arundel
2022209669,2022-07-22,CRAIN HWY N,Anne Arundel
2022209619,2022-07-22,COMMUNITY PL,Anne Arundel
2022209468,2022-07-22,BROOKSTONE DR,Anne Arundel
2022209269,2022-07-22,MEADE VILLAGE CIR,Anne Arundel
2022209208,2022-07-22,FOREST DR,Anne Arundel
2022208914,2022-07-22,FORT SMALLWOOD RD,Anne Arundel
2022208489,2022-07-21,TWIN VW,Anne Arundel
2022208389,2022-07-21,MARLEY AVE,Anne Arundel
2022208260,2022-07-21,MARINE DR,Anne Arundel
2022207636,2022-07-20,DELRAY CT,Anne Arundel
2022207562,2022-07-20,SHORE DR,Anne Arundel
2022207522,2022-07-20,TARLETON WAY,Anne Arundel
2022207519,2022-07-20,PARHAM CT,Anne Arundel
2022206713,2022-07-20,LOCUST THORN CT,Anne Arundel
2022206269,2022-07-19,RITCHIE HWY,Anne Arundel
2022205679,2022-07-19,STANDARD DR,Anne Arundel
2022205206,2022-07-19,FOX DEN LN,Anne Arundel
2022205164,2022-07-19,TRANQUIL CT,Anne Arundel
2022205157,2022-07-19,EDISON ST,Anne Arundel
2022205031,2022-07-18,ARUNDEL RD/BEACON POINT DR,Anne Arundel
2022204670,2022-07-18,LOWELL CT,Anne Arundel
2022204577,2022-07-18,5TH AVE,Anne Arundel
2022204506,2022-07-18,CRAIN HWY S,Anne Arundel
2022204356,2022-07-18,MOUNT ZION MARLBORO RD,Anne Arundel
2022204165,2022-07-18,VICTORY AVE,Anne Arundel
2022204106,2022-07-18,ANNAPOLIS RD,Anne Arundel
2022204067,2022-07-18,BLACK OAK WAY,Anne Arundel
2022203517,2022-07-17,MIDSHIP CT,Anne Arundel
2022203390,2022-07-17,HERITAGE HILL DR,Anne Arundel
2022203095,2022-07-17,SHIRLEY MURPHY RD,Anne Arundel
2022202786,2022-07-16,GRAY DR,Anne Arundel
2022202512,2022-07-16,CRAIN HWY N/GEORGIA AVE NW,Anne Arundel
2022202309,2022-07-16,BRUMMEL RD,Anne Arundel
2022201826,2022-07-15,BALTIMORE ANNAPOLIS BLVD,Anne Arundel
2022201016,2022-07-14,2ND AVE,Anne Arundel
2022200964,2022-07-14,RITCHIE HWY,Anne Arundel
2022200938,2022-07-14,CHURCH ST,Anne Arundel
2022200191,2022-07-14,DELRAY CT,Anne Arundel
2022199971,2022-07-13,RAYNOR AVE,Anne Arundel
2022199635,2022-07-13,RITCHIE HWY/EARLEIGH HEIGHTS RD W,Anne Arundel
2022198712,2022-07-12,MUNROE CIR,Anne Arundel
2022198667,2022-07-12,GEORGE CLAUSS BLVD,Anne Arundel
2022198456,2022-07-12,CRAIN HWY N,Anne Arundel
2022197951,2022-07-12,RITCHIE HWY,Anne Arundel
2022197822,2022-07-12,NIGHTFALL LN,Anne Arundel
2022196910,2022-07-11,ANDREW CT,Anne Arundel
2022196460,2022-07-10,LAUREL HILL RD,Anne Arundel
2022196091,2022-07-10,APRIL DAWN WAY,Anne Arundel
2022195076,2022-07-09,KING MALCOLM AVE,Anne Arundel
2022194395,2022-07-08,RIDGE RD,Anne Arundel
2022193376,2022-07-07,BRIARWOOD PL,Anne Arundel
2022193366,2022-07-07,SUDLERSVILLE SOUTH,Anne Arundel
2022191640,2022-07-05,FOREST GLEN DR,Anne Arundel
2022191442,2022-07-05,MEDICAL PKWY,Anne Arundel
2022191396,2022-07-05,RITCHIE HWY/1ST AVE,Anne Arundel
2022191189,2022-07-05,BERGER ST,Anne Arundel
2022190957,2022-07-05,OBRECHT RD,Anne Arundel
2022190403,2022-07-04,CONTE RD,Anne Arundel
2022190373,2022-07-04,DIAMOND DR,Anne Arundel
2022190372,2022-07-04,DIAMOND DR,Anne Arundel
2022190083,2022-07-04,WARWICKSHIRE LN,Anne Arundel
2022190045,2022-07-04,FAYWOOD CT,Anne Arundel
2022189983,2022-07-04,HICKORY HOLLOW DR,Anne Arundel
2022189775,2022-07-03,CROSS CREEK DR,Anne Arundel
2022189658,2022-07-03,HOLIDAY CT,Anne Arundel
2022189057,2022-07-03,BALTIMORE ANNAPOLIS BLVD,Anne Arundel
2022188892,2022-07-02,STONEY HILL CT,Anne Arundel
2022188668,2022-07-02,MAPLE LN NW,Anne Arundel
2022188326,2022-07-02,RITCHIE HWY,Anne Arundel
2022187910,2022-07-01,PLEASANT PLAINS RD,Anne Arundel
2022187843,2022-07-01,DAIRY FARM RD,Anne Arundel
2022186712,2022-06-30,RITCHIE HWY,Anne Arundel
2022185590,2022-06-29,SANDS RD/BURTON RIVER RD,Anne Arundel
2022185483,2022-06-29,QUIET HOLLOW CT,Anne Arundel
2022185442,2022-06-29,CAMP MEADE RD N,Anne Arundel
2022183980,2022-06-28,CRAIN HWY S,Anne Arundel
2022183502,2022-06-27,MOUNTAIN ESTATE DR/APPALACHIAN DR,Anne Arundel
2022183490,2022-06-27,WILMER PL,Anne Arundel
2022183043,2022-06-27,BRANDERMILL BLVD,Anne Arundel
2022182864,2022-06-27,CIRCLE DR,Anne Arundel
2022182567,2022-06-27,WARWICKSHIRE LN,Anne Arundel
2022182365,2022-06-26,KENWOOD RD/MEADOW LN,Anne Arundel
2022182243,2022-06-26,CARRERA LN,Anne Arundel
2022182094,2022-06-26,SHADY SIDE RD,Anne Arundel
2022182061,2022-06-26,ELKWOOD CT,Anne Arundel
2022182027,2022-06-26,GREENDALE CT,Anne Arundel
2022181497,2022-06-25,N FOREST TRL,Anne Arundel
2022181389,2022-06-25,LARCH RD,Anne Arundel
2022181361,2022-06-25,RENARD CT,Anne Arundel
2022181327,2022-06-25,HAVRE DE GRACE DR,Anne Arundel
2022181223,2022-06-25,FOREMAST ALY,Anne Arundel
2022181009,2022-06-25,DEFENSE HWY,Anne Arundel
2022180974,2022-06-25,FOREST DR,Anne Arundel
2022180454,2022-06-24,SECLUDED POST CIR,Anne Arundel
2022180390,2022-06-24,PATRICK HENRY DR,Anne Arundel
2022180137,2022-06-24,8TH ST,Anne Arundel
2022178323,2022-06-22,WOODSIDE RD,Anne Arundel
2022177482,2022-06-22,GLEN RIDGE CIR,Anne Arundel
2022176598,2022-06-21,BALTIMORE ANNAPOLIS BLVD,Anne Arundel
2022176473,2022-06-21,DEALE CHURCHTON RD,Anne Arundel
2022175495,2022-06-20,ED PROUT RD,Anne Arundel
2022174856,2022-06-20,FORT SMALLWOOD RD,Anne Arundel
2022174424,2022-06-19,WILSON BLVD SW,Anne Arundel
2022174371,2022-06-19,KRAMER CT/CRAINMONT DR,Anne Arundel
2022174251,2022-06-19,CORK LN,Anne Arundel
2022173968,2022-06-19,CHARTER RD S,Anne Arundel
2022173396,2022-06-18,CORRIDOR MARKETPLACE,Anne Arundel
2022173286,2022-06-18,JENNIFER RD/WEST ST,Anne Arundel
2022172968,2022-06-18,OAKLEIGH AVE,Anne Arundel
2022172857,2022-06-18,A ST SW,Anne Arundel
2022172647,2022-06-17,FAIRBANKS CT,Anne Arundel
2022172185,2022-06-17,OLD ANNAPOLIS RD,Anne Arundel
2022172043,2022-06-17,HONEYSUCKLE LN,Anne Arundel
2022171877,2022-06-17,SOUTHWOOD RD,Anne Arundel
2022171411,2022-06-16,LUNA LN,Anne Arundel
2022171049,2022-06-16,KNIGHTSBRIDGE TURN,Anne Arundel
2022170981,2022-06-16,MIRAMAR RD,Anne Arundel
2022170563,2022-06-16,11TH AVE E,Anne Arundel
2022170515,2022-06-16,DALE RD/EASTWAY,Anne Arundel
2022169893,2022-06-15,THOMAS RD,Anne Arundel
2022169761,2022-06-15,FOXDALE CT,Anne Arundel
2022169125,2022-06-15,LAMPLIGHTER RDG,Anne Arundel
2022168777,2022-06-14,SOLOMONS ISLAND RD/VIRGINIA AVE,Anne Arundel
2022168766,2022-06-14,BAYMEADOW DR,Anne Arundel
2022168728,2022-06-14,SOLOMONS ISLAND RD/OLD SOUTH RIVER RD,Anne Arundel
2022167866,2022-06-13,203RD ST,Anne Arundel
2022167592,2022-06-13,DISNEY AVE,Anne Arundel
2022166932,2022-06-13,RITCHIE HWY,Anne Arundel
2022166578,2022-06-12,OLD PINE CT,Anne Arundel
2022165994,2022-06-12,RITA DR,Anne Arundel
2022165788,2022-06-11,BEARDS POINT RD,Anne Arundel
2022165744,2022-06-11,MONTAUK DR,Anne Arundel
2022165706,2022-06-11,BERKLEY CT,Anne Arundel
2022165545,2022-06-11,VETERANS HWY,Anne Arundel
2022165346,2022-06-11,SOLOMONS ISLAND RD,Anne Arundel
2022165321,2022-06-11,GLEN RIDGE CIR,Anne Arundel
2022165290,2022-06-11,MAGNOLIA DR,Anne Arundel
2022164622,2022-06-10,SAINT BARBARA LN,Anne Arundel
2022164159,2022-06-10,E ORDNANCE RD,Anne Arundel
2022164078,2022-06-10,AMERICANA CIR,Anne Arundel
2022163561,2022-06-09,RITCHIE HWY,Anne Arundel
2022163359,2022-06-09,MOUNTAIN RIDGE CT,Anne Arundel
2022163324,2022-06-09,FAYWOOD AVE,Anne Arundel
2022162865,2022-06-09,BURLINGTON DR,Anne Arundel
2022162496,2022-06-09,ABERDEEN DR,Anne Arundel
2022162390,2022-06-08,OLD DORSEY RD,Anne Arundel
2022162025,2022-06-08,KINGS RD,Anne Arundel
2022161895,2022-06-08,RITCHIE HWY/11TH AVE E,Anne Arundel
2022160867,2022-06-07,HAMPTON RD,Anne Arundel
2022160866,2022-06-07,HAMPTON RD,Anne Arundel
2022160597,2022-06-07,BRANCH LINE RD,Anne Arundel
2022160262,2022-06-07,RITCHIE HWY,Anne Arundel
2022160174,2022-06-06,MARYDELL AVE,Anne Arundel
2022160007,2022-06-06,MARTHA RD,Anne Arundel
2022159974,2022-06-06,BROOKWOOD RD,Anne Arundel
2022159955,2022-06-06,RIVERSIDE DR,Anne Arundel
2022159819,2022-06-06,HOSPITAL DR,Anne Arundel
2022159586,2022-06-06,ELIZABETH RD,Anne Arundel
2022158901,2022-06-05,PATRICK HENRY DR,Anne Arundel
2022158308,2022-06-05,BAY FRONT RD,Anne Arundel
2022157684,2022-06-04,DEFENSE HWY,Anne Arundel
2022157612,2022-06-04,SHERWOOD TRL,Anne Arundel
2022157362,2022-06-04,VALLEY CREEK RD,Anne Arundel
2022157101,2022-06-03,N JEROME PKWY,Anne Arundel
2022156794,2022-06-03,E SHORE RD,Anne Arundel
2022156615,2022-06-03,NIGHTFALL LN,Anne Arundel
2022156168,2022-06-03,CRAIN HWY S,Anne Arundel
2022156055,2022-06-03,COMMUNITY PL,Anne Arundel
2022155712,2022-06-02,BAY DALE CT,Anne Arundel
2022155582,2022-06-02,5TH AVE SE,Anne Arundel
2022155549,2022-06-02,RITCHIE HWY,Anne Arundel
2022151895,2022-05-30,STAR STELLA DR,Anne Arundel
2022151737,2022-05-30,W ALMONDBURY DR,Anne Arundel
2022151387,2022-05-29,BALTIMORE ANNAPOLIS BLVD,Anne Arundel
2022151205,2022-05-29,FLORIDA PL,Anne Arundel
2022150961,2022-05-29,CRAIN HWY N,Anne Arundel
2022150317,2022-05-28,SCRIVNER CT,Anne Arundel
2022150234,2022-05-28,BALTIMORE ANNAPOLIS BLVD,Anne Arundel
2022150096,2022-05-28,HOG NECK RD,Anne Arundel
2022149209,2022-05-27,MARYLAND AVE NW,Anne Arundel
2022148922,2022-05-27,TALL PINES CT,Anne Arundel
2022148887,2022-05-27,RITCHIE HWY/FURNACE BRANCH RD E,Anne Arundel
2022148296,2022-05-27,DOVER ST,Anne Arundel
2022148276,2022-05-27,ELKRIDGE LANDING RD,Anne Arundel
2022148017,2022-05-26,GENERALS HWY,Anne Arundel
2022147136,2022-05-26,CHESAPEAKE DR,Anne Arundel
2022146823,2022-05-26,QUIET HOLLOW CT,Anne Arundel
2022146564,2022-05-25,RITCHIE HWY,Anne Arundel
2022146090,2022-05-25,ROLLING RD,Anne Arundel
2022145906,2022-05-25,11TH ST,Anne Arundel
2022145758,2022-05-25,RITCHIE HWY,Anne Arundel
2022145508,2022-05-25,HOUSLEY RD,Anne Arundel
2022145397,2022-05-24,OLD MILL RD,Anne Arundel
2022145368,2022-05-24,N BRUCE ST,Anne Arundel
2022145270,2022-05-24,MOUNTAIN RD,Anne Arundel
2022145174,2022-05-24,SIGNALMAN CT,Anne Arundel
2022145143,2022-05-24,ARWELL CT,Anne Arundel
2022144711,2022-05-24,CIRCLE DR,Anne Arundel
2022143952,2022-05-23,TALL PINES CT,Anne Arundel
2022143733,2022-05-23,SERPENTINE TRL,Anne Arundel
2022142815,2022-05-22,GOVERNORS GATE LN,Anne Arundel
2022142767,2022-05-22,BALTIMORE ANNAPOLIS BLVD,Anne Arundel
2022142647,2022-05-22,BARBERSVILLE RD,Anne Arundel
2022142609,2022-05-22,VERNON AVE,Anne Arundel
2022142496,2022-05-22,BROADVIEW BLVD N,Anne Arundel
2022142350,2022-05-22,MUDDY CREEK RD,Anne Arundel
2022142141,2022-05-21,OLD MILL RD,Anne Arundel
2022141966,2022-05-21,FOREST DR,Anne Arundel
2022141878,2022-05-21,PLEASANTVILLE DR,Anne Arundel
2022141302,2022-05-21,RIDGEWATER CT,Anne Arundel
2022139449,2022-05-19,PLACID CT,Anne Arundel
2022139394,2022-05-19,SENECA TER,Anne Arundel
2022139359,2022-05-19,CHESAPEAKE CENTER CT,Anne Arundel
2022139289,2022-05-19,MOUNTAIN RD,Anne Arundel
2022138780,2022-05-19,PATRICK HENRY DR,Anne Arundel
2022138403,2022-05-18,RITCHIE HWY,Anne Arundel
2022138144,2022-05-18,RITCHIE HWY,Anne Arundel
2022137225,2022-05-17,RIVA RD,Anne Arundel
2022136484,2022-05-17,ARBOR DR,Anne Arundel
2022136221,2022-05-16,BROADNECK PL,Anne Arundel
2022136179,2022-05-16,MUNROE CIR,Anne Arundel
2022135535,2022-05-16,MATILDA LN,Anne Arundel
2022135360,2022-05-15,ADMIRAL DR,Anne Arundel
2022135010,2022-05-15,EDGERLY RD,Anne Arundel
2022134492,2022-05-14,E HOWARD RD,Anne Arundel
2022134350,2022-05-14,CEDAR DR,Anne Arundel
2022133903,2022-05-14,KNIGHTSBRIDGE TURN,Anne Arundel
2022133682,2022-05-13,MEADE VILLAGE CIR,Anne Arundel
2022133678,2022-05-13,INTERNATIONAL DR,Anne Arundel
2022133680,2022-05-13,INTERNATIONAL DR,Anne Arundel
2022133608,2022-05-13,WELCHS DR,Anne Arundel
2022133493,2022-05-13,TALL PINES CT,Anne Arundel
2022132708,2022-05-13,ADMIRAL COCHRANE DR,Anne Arundel
2022132707,2022-05-13,RITCHIE HWY,Anne Arundel
2022132698,2022-05-13,GROVE PARK RD,Anne Arundel
2022132399,2022-05-12,W SHADY SIDE RD,Anne Arundel
2022132398,2022-05-12,KING MALCOLM AVE,Anne Arundel
2022132379,2022-05-12,WARWICKSHIRE LN,Anne Arundel
2022132184,2022-05-12,E HOWARD RD,Anne Arundel
2022132147,2022-05-12,CRAIN HWY N,Anne Arundel
2022131923,2022-05-12,DISNEY RD,Anne Arundel
2022131764,2022-05-12,BROCK BRIDGE RD,Anne Arundel
2022131275,2022-05-11,QUEENS PARK RD,Anne Arundel
2022130934,2022-05-11,26TH ST,Anne Arundel
2022130275,2022-05-11,WHITE WATER CT,Anne Arundel
2022130085,2022-05-10,WARWICKSHIRE LN,Anne Arundel
2022129783,2022-05-10,CHESAPEAKE CENTER CT,Anne Arundel
2022129542,2022-05-10,DAVIDSONVILLE RD,Anne Arundel
2022128803,2022-05-09,WREN WAY,Anne Arundel
2022128738,2022-05-09,CIRCLE DR,Anne Arundel
2022128322,2022-05-09,SOUTHERLY RD,Anne Arundel
2022128131,2022-05-09,CIRCLE DR,Anne Arundel
2022127493,2022-05-08,AMERICANA CIR,Anne Arundel
2022126520,2022-05-07,RETREAT CT,Anne Arundel
2022126142,2022-05-06,SIMSBURY CT,Anne Arundel
2022124958,2022-05-05,BUDDING BRANCH RD,Anne Arundel
2022122278,2022-05-03,SHORE DR,Anne Arundel
2022122213,2022-05-03,LOWER MAGOTHY BEACH RD,Anne Arundel
2022121738,2022-05-03,BELLE DORA CT,Anne Arundel
2022121554,2022-05-03,KUETHE RD,Anne Arundel
2022121427,2022-05-02,RICHFIELD DR,Anne Arundel
2022121284,2022-05-02,FOREST DR,Anne Arundel
2022120502,2022-05-02,BEACH RD,Anne Arundel
2022120280,2022-05-01,KING MALCOLM AVE,Anne Arundel
2022119938,2022-05-01,WOMACK DR,Anne Arundel
2022119914,2022-05-01,E ORDNANCE RD,Anne Arundel
2022119601,2022-05-01,ASTER DR,Anne Arundel
2022118896,2022-04-30,ARUNDEL MILLS CIR,Anne Arundel
2022118890,2022-04-30,LAUREL FORT MEADE RD,Anne Arundel
2022118579,2022-04-29,3RD AVE SW,Anne Arundel
2022118397,2022-04-29,GENINE DR,Anne Arundel
2022117157,2022-04-28,KNIGHTSBRIDGE TURN,Anne Arundel
2022117148,2022-04-28,TELEGRAPH RD/REECE RD,Anne Arundel
2022117007,2022-04-28,PENINSULA FARM RD,Anne Arundel
2022116493,2022-04-27,CEDAR DR,Anne Arundel
2022115748,2022-04-27,WEST VIRGINIA AVE,Anne Arundel
2022115613,2022-04-27,RITCHIE HWY,Anne Arundel
2022115377,2022-04-26,W MEADOW RD/BELLE GROVE RD,Anne Arundel
2022115114,2022-04-26,PINE VALLEY DR,Anne Arundel
2022114458,2022-04-26,GREENLEAF TER,Anne Arundel
2022114323,2022-04-25,HADFIELD CT,Anne Arundel
2022114267,2022-04-25,SHARONWOOD RD,Anne Arundel
2022114232,2022-04-25,GATEWATER CT,Anne Arundel
2022114032,2022-04-25,MEADE VILLAGE CIR,Anne Arundel
2022112999,2022-04-24,MARGATE DR,Anne Arundel
2022112339,2022-04-23,ARUNDEL MILLS CIR,Anne Arundel
2022112305,2022-04-23,CAMP MEADE RD S,Anne Arundel
2022112246,2022-04-23,CORONET DR/REGENCY CIR,Anne Arundel
2022112233,2022-04-23,DIAMOND DR,Anne Arundel
2022112228,2022-04-23,DEFENSE HWY,Anne Arundel
2022112218,2022-04-23,CORONET DR/REGENCY CIR,Anne Arundel
2022112213,2022-04-23,BALTIMORE ANNAPOLIS BLVD,Anne Arundel
2022112162,2022-04-23,AMERICANA CIR,Anne Arundel
2022111983,2022-04-23,RITCHIE HWY,Anne Arundel
2022111390,2022-04-22,BEAGHAN DR,Anne Arundel
2022111282,2022-04-22,RITCHIE HWY/FARRINGTON RD,Anne Arundel
2022111228,2022-04-22,BLACKBIRD HILL LN,Anne Arundel
2022111046,2022-04-22,OAKWOOD STATION RD,Anne Arundel
2022110885,2022-04-22,CIRCLE DR,Anne Arundel
2022110699,2022-04-22,RITCHIE HWY,Anne Arundel
2022110479,2022-04-22,CARRERA LN,Anne Arundel
2022110037,2022-04-21,COMMISSARY CIR,Anne Arundel
2022109061,2022-04-20,MOUNTAIN RIDGE CT,Anne Arundel
2022108994,2022-04-20,OLD STAGE RD,Anne Arundel
2022108877,2022-04-20,WOOD TREE CIR,Anne Arundel
2022106912,2022-04-18,W MEADOW RD,Anne Arundel
2022106878,2022-04-18,MONTAGUE CT,Anne Arundel
2022106613,2022-04-18,RITCHIE HWY,Anne Arundel
2022106449,2022-04-18,REENWOOD RD,Anne Arundel
2022106362,2022-04-18,MEADE VILLAGE CIR,Anne Arundel
2022106037,2022-04-17,THELMA AVE,Anne Arundel
2022105335,2022-04-16,QUIET HOLLOW CT,Anne Arundel
2022104695,2022-04-16,JUMPERS HOLE RD,Anne Arundel
2022104627,2022-04-15,BROOKWOOD RD,Anne Arundel
2022104445,2022-04-15,ARWELL CT,Anne Arundel
2022104365,2022-04-15,SWAMP CIRCLE RD,Anne Arundel
2022104362,2022-04-15,BROOKWOOD RD,Anne Arundel
2022104242,2022-04-15,FAIR BREEZE DR,Anne Arundel
2022103831,2022-04-15,HALLMARK DR,Anne Arundel
2022103683,2022-04-15,JACOBS RD W,Anne Arundel
2022103562,2022-04-14,OAK CT,Anne Arundel
2022103437,2022-04-14,RAPID WATER WAY,Anne Arundel
2022103381,2022-04-14,SILENT CT,Anne Arundel
2022103308,2022-04-14,CRAIN HWY N,Anne Arundel
2022103290,2022-04-14,BENESCH CIR,Anne Arundel
2022102262,2022-04-13,MOUNTAIN RD,Anne Arundel
2022102212,2022-04-13,BOULEVARD PL,Anne Arundel
2022101258,2022-04-12,CARRIAGE CT/CARRIAGE CIR,Anne Arundel
2022101169,2022-04-12,DIVIDING RD,Anne Arundel
2022100727,2022-04-12,FOXFARM LN,Anne Arundel
2022100454,2022-04-11,RIVA RD,Anne Arundel
2022100388,2022-04-11,FITZ CT,Anne Arundel
2022099926,2022-04-11,BLACKBIRD HILL LN,Anne Arundel
2022099250,2022-04-10,PLYMOUTH LN,Anne Arundel
2022098594,2022-04-09,STINCHCOMB RD,Anne Arundel
2022098378,2022-04-09,WINTERSON RD,Anne Arundel
2022098330,2022-04-09,OLD LINE AVE,Anne Arundel
2022097937,2022-04-09,SCANLAN DR,Anne Arundel
2022097764,2022-04-08,HOPKINS ST,Anne Arundel
2022097020,2022-04-08,RIVA RD,Anne Arundel
2022096801,2022-04-08,W MEADOW RD,Anne Arundel
2022096605,2022-04-07,TOWNSEND AVE,Anne Arundel
2022096561,2022-04-07,POPLAR RIDGE RD,Anne Arundel
2022095396,2022-04-06,RITCHIE HWY,Anne Arundel
2022095081,2022-04-06,BROOKWOOD RD,Anne Arundel
2022094966,2022-04-06,W MEADOW RD,Anne Arundel
2022094758,2022-04-06,WARWICKSHIRE LN,Anne Arundel
2022094619,2022-04-05,BRIGHTWATER BEACH RD,Anne Arundel
2022093728,2022-04-04,PINNACLE DR,Anne Arundel
2022093573,2022-04-04,FOREST GLEN DR,Anne Arundel
2022092888,2022-04-04,LAUREL FORT MEADE RD,Anne Arundel
2022092775,2022-04-04,W MEADOW RD,Anne Arundel
2022092140,2022-04-03,ARUNDEL MILLS CIR,Anne Arundel
2022092099,2022-04-03,TOWNE CENTRE BLVD,Anne Arundel
2022091331,2022-04-02,ALBERT DR,Anne Arundel
2022091119,2022-04-02,CHARANTE CT,Anne Arundel
2022090826,2022-04-01,THOMAS RD,Anne Arundel
2022090658,2022-04-01,MOUNT ZION MARLBORO RD,Anne Arundel
2022089982,2022-04-01,QUEENS PARK RD,Anne Arundel
2022089712,2022-03-31,SHARON DR,Anne Arundel
2022089316,2022-03-31,PARKE WEST DR,Anne Arundel
2022088702,2022-03-30,CIRCLE RD,Anne Arundel
2022087342,2022-03-29,FOX DEN LN,Anne Arundel
2022087082,2022-03-29,KINGS RD,Anne Arundel
2022086950,2022-03-29,RITCHIE HWY,Anne Arundel
2022085925,2022-03-28,WINDING WOOD RD,Anne Arundel
2022085803,2022-03-28,CHESTNUT TRL,Anne Arundel
2022085637,2022-03-27,GLEN HOLLOW DR,Anne Arundel
2022085569,2022-03-27,JACINTO CT,Anne Arundel
2022085408,2022-03-27,ARLEIGH RD,Anne Arundel
2022085370,2022-03-27,BROADNECK PL,Anne Arundel
2022085060,2022-03-27,MARLTON CT,Anne Arundel
2022084987,2022-03-27,RITCHIE HWY,Anne Arundel
2022084606,2022-03-26,209TH ST,Anne Arundel
2022084389,2022-03-26,SHIPS BELL CT,Anne Arundel
2022083921,2022-03-25,LOYD LN,Anne Arundel
2022083807,2022-03-25,ELKRIDGE LANDING RD,Anne Arundel
2022083798,2022-03-25,FURNACE BRANCH RD,Anne Arundel
2022082880,2022-03-24,CROWELL CT,Anne Arundel
2022082560,2022-03-24,MAIN AVE,Anne Arundel
2022082264,2022-03-24,TANEY AVE,Anne Arundel
2022081997,2022-03-23,KENTUCKY AVE,Anne Arundel
2022081604,2022-03-23,DAUNTSEY DR,Anne Arundel
2022080990,2022-03-22,RITCHIE HWY,Anne Arundel
2022080952,2022-03-22,HOLLYWOOD CT,Anne Arundel
2022079967,2022-03-21,RIDGE RD,Anne Arundel
2022079913,2022-03-21,FORT SMALLWOOD RD,Anne Arundel
2022079861,2022-03-21,WILD CRANBERRY DR,Anne Arundel
2022079084,2022-03-21,DRYDEN WAY,Anne Arundel
2022078937,2022-03-21,WOODLAND RD,Anne Arundel
2022078577,2022-03-20,FORT SMALLWOOD RD,Anne Arundel
2022078560,2022-03-20,ADMIRAL COCHRANE DR,Anne Arundel
2022078397,2022-03-20,KINTOP RD,Anne Arundel
2022078174,2022-03-20,CARRERA LN,Anne Arundel
2022077961,2022-03-19,RITCHIE HWY,Anne Arundel
2022077360,2022-03-19,GREENLEAF TER,Anne Arundel
2022076904,2022-03-18,RETREAT CT,Anne Arundel
2022076558,2022-03-18,SOLOMONS ISLAND RD,Anne Arundel
2022076142,2022-03-18,BUSCHS FRONTAGE RD,Anne Arundel
2022075758,2022-03-18,PATRICIA AVE,Anne Arundel
2022075699,2022-03-17,HICKORY NUT CT,Anne Arundel
2022075477,2022-03-17,5TH AVE,Anne Arundel
2022074686,2022-03-16,GREENLEAF TER,Anne Arundel
2022074626,2022-03-16,CAROLYN RD,Anne Arundel
2022074289,2022-03-16,HOSPITAL DR,Anne Arundel
2022072842,2022-03-15,BALTIMORE ANNAPOLIS BLVD,Anne Arundel
2022072817,2022-03-15,EVERGREEN RD,Anne Arundel
2022072471,2022-03-15,MARY CT,Anne Arundel
2022072416,2022-03-14,PAFEL RD,Anne Arundel
2022071817,2022-03-14,MOUNTAIN RD,Anne Arundel
2022071243,2022-03-13,NURSERY RD,Anne Arundel
2022070682,2022-03-13,GEORGIA AVE NE,Anne Arundel
2022070630,2022-03-12,BALTIMORE ANNAPOLIS BLVD,Anne Arundel
2022070208,2022-03-12,MARLEY AVE,Anne Arundel
2022070194,2022-03-12,BALTIMORE ANNAPOLIS BLVD,Anne Arundel
2022070144,2022-03-12,RUXSHIRE DR,Anne Arundel
2022069430,2022-03-11,1ST AVE E,Anne Arundel
2022069375,2022-03-11,HARRY S TRUMAN PKWY,Anne Arundel
2022069127,2022-03-11,LAUREL FORT MEADE RD,Anne Arundel
2022068819,2022-03-11,FOREST DR,Anne Arundel
2022068726,2022-03-10,LONGWOOD RD,Anne Arundel
2022068398,2022-03-10,GLEN RIDGE RD,Anne Arundel
2022067660,2022-03-10,HICKORY NUT CT,Anne Arundel
2022067521,2022-03-09,MOUNTAIN RD,Anne Arundel
2022066527,2022-03-08,GREEN ORCHARD RD,Anne Arundel
2022066148,2022-03-08,ARUNDEL MILLS CIR,Anne Arundel
2022065879,2022-03-08,CAMP MEADE RD S,Anne Arundel
2022065011,2022-03-07,HIDDEN VALLEY RD,Anne Arundel
2022064744,2022-03-07,CENTRAL AVE E,Anne Arundel
2022064512,2022-03-07,CRESSWELL RD,Anne Arundel
2022064388,2022-03-06,RITCHIE HWY,Anne Arundel
2022064274,2022-03-06,ELKRIDGE DR,Anne Arundel
2022063818,2022-03-06,HARCOURT AVE,Anne Arundel
2022062571,2022-03-04,BROOKWOOD RD,Anne Arundel
2022062350,2022-03-04,HEARNE RD,Anne Arundel
2022062132,2022-03-04,NEW COLONY CT,Anne Arundel
2022061577,2022-03-04,WASHINGTON AVE,Anne Arundel
2022061464,2022-03-03,GREENWOOD RD,Anne Arundel
2022061456,2022-03-03,RITCHIE HWY,Anne Arundel
2022061146,2022-03-03,1ST ST/FRANKLIN AVE,Anne Arundel
2022061048,2022-03-03,WATERFORD RD,Anne Arundel
2022060572,2022-03-03,MELLON RD,Anne Arundel
2022060540,2022-03-03,DEFENSE HWY,Anne Arundel
2022060435,2022-03-03,BAR HARBOR RD,Anne Arundel
2022060240,2022-03-02,AGNES LN,Anne Arundel
2022060169,2022-03-02,NOTLEY RD,Anne Arundel
2022059671,2022-03-02,MOUNTAIN RD,Anne Arundel
2022059395,2022-03-02,FLATWOOD CT,Anne Arundel
2022059015,2022-03-01,HARDMOORE CT,Anne Arundel
2022058363,2022-03-01,STEGMAN PL,Anne Arundel
2022058173,2022-02-28,FAIRHAVEN LN,Anne Arundel
2022057815,2022-02-28,MOUNT ZION MARLBORO RD,Anne Arundel
2022057516,2022-02-28,JAGUAR DR,Anne Arundel
2022057297,2022-02-28,DAVIDSONVILLE RD,Anne Arundel
2022057190,2022-02-27,LEVY CT,Anne Arundel
2022056394,2022-02-26,SILO RIDGE CT,Anne Arundel
2022056242,2022-02-26,BROOKWOOD RD,Anne Arundel
2022055939,2022-02-26,17TH AVE,Anne Arundel
2022055622,2022-02-26,N HARBOR CT,Anne Arundel
2022055556,2022-02-26,SOLOMONS ISLAND RD,Anne Arundel
2022055387,2022-02-25,COKELAND SOUTH,Anne Arundel
2022054778,2022-02-25,WOODLAND RD,Anne Arundel
2022054736,2022-02-25,WATER FOUNTAIN WAY,Anne Arundel
2022054696,2022-02-25,WOODLAND RD,Anne Arundel
2022054394,2022-02-25,FURNACE BRANCH RD,Anne Arundel
2022053475,2022-02-24,KING MALCOLM AVE,Anne Arundel
2022053153,2022-02-23,SOLOMONS ISLAND RD/JORDAN TAYLOR LN,Anne Arundel
2022053090,2022-02-23,CITADEL DR,Anne Arundel
2022051651,2022-02-22,FORT SMALLWOOD RD,Anne Arundel
2022051431,2022-02-22,FOREST DR,Anne Arundel
2022051411,2022-02-22,THELMA AVE,Anne Arundel
2022050735,2022-02-21,WOMACK DR,Anne Arundel
2022050677,2022-02-21,FRANKLIN AVE,Anne Arundel
2022050413,2022-02-21,MONTAGUE CT,Anne Arundel
2022049744,2022-02-20,HOSPITAL DR,Anne Arundel
2022049173,2022-02-20,WINTERSON RD,Anne Arundel
2022049014,2022-02-19,STONE POINT DR,Anne Arundel
2022048596,2022-02-19,3RD ST/HARWOOD ST,Anne Arundel
2022048563,2022-02-19,DEVONSHIRE CT,Anne Arundel
2022048483,2022-02-19,RIVA RD,Anne Arundel
2022047369,2022-02-18,TOWNE CENTRE BLVD,Anne Arundel
2022045810,2022-02-16,HYMAN LN,Anne Arundel
2022045638,2022-02-16,MARGATE DR,Anne Arundel
2022045500,2022-02-16,COL MAR LN,Anne Arundel
2022044331,2022-02-15,CHESAPEAKE CENTER CT,Anne Arundel
2022044178,2022-02-15,COUGAR CIR,Anne Arundel
2022043918,2022-02-15,BRANDERMILL BLVD,Anne Arundel
2022043879,2022-02-15,CAROL AVE,Anne Arundel
2022043855,2022-02-14,BALTIMORE ANNAPOLIS BLVD,Anne Arundel
2022043764,2022-02-14,RITCHIE HWY,Anne Arundel
2022043646,2022-02-14,10TH ST,Anne Arundel
2022043586,2022-02-14,IRONWOOD LN,Anne Arundel
2022043415,2022-02-14,FOREST PLZ,Anne Arundel
2022043327,2022-02-14,HAROLD CT,Anne Arundel
2022043125,2022-02-14,RAYNOR AVE,Anne Arundel
2022042680,2022-02-13,CRESSWELL RD,Anne Arundel
2022042604,2022-02-13,MISSION VALLEY LN,Anne Arundel
2022042554,2022-02-13,MONTICELLO CT,Anne Arundel
2022042552,2022-02-13,WINTERGREEN CT,Anne Arundel
2022042538,2022-02-13,SHADOW CV,Anne Arundel
2022042487,2022-02-13,ENERGY PKWY,Anne Arundel
2022042130,2022-02-13,QUAKER RIDGE CT,Anne Arundel
2022041784,2022-02-12,HOLMESPUN DR,Anne Arundel
2022041758,2022-02-12,CAPE SAINT CLAIRE RD,Anne Arundel
2022041742,2022-02-12,MARY CT,Anne Arundel
2022041394,2022-02-12,CRAIN HWY N/BALTIMORE ANNAPOLIS BLVD,Anne Arundel
2022041382,2022-02-12,UNION CT,Anne Arundel
2022040626,2022-02-11,ADMIRAL DR,Anne Arundel
2022039815,2022-02-10,CREEK SHORE WAY,Anne Arundel
2022039465,2022-02-10,4TH ST/RYAN RD,Anne Arundel
2022038975,2022-02-10,QUARTERFIELD RD,Anne Arundel
2022038881,2022-02-10,MERLOT ST,Anne Arundel
2022038619,2022-02-09,BAYLOR RD,Anne Arundel
2022038390,2022-02-09,MEADOW RD,Anne Arundel
2022038275,2022-02-09,RITCHIE HWY,Anne Arundel
2022037956,2022-02-09,CROMWELL PARK DR,Anne Arundel
2022037497,2022-02-09,SCOTTS CROSSING WAY,Anne Arundel
2022037375,2022-02-08,GALESVILLE RD,Anne Arundel
2022037091,2022-02-08,PINETOP DR,Anne Arundel
2022036972,2022-02-08,NOLCREST RD,Anne Arundel
2022036953,2022-02-08,RITCHIE HWY,Anne Arundel
2022036364,2022-02-08,MARGATE DR,Anne Arundel
2022035122,2022-02-06,RITCHIE HWY,Anne Arundel
2022034904,2022-02-06,W NURSERY RD,Anne Arundel
2022033912,2022-02-05,BUDDING BRANCH RD,Anne Arundel
2022033773,2022-02-05,DORIS AVE,Anne Arundel
2022033648,2022-02-05,RIDGELY AVE,Anne Arundel
2022033183,2022-02-04,ANNAPOLIS RD,Anne Arundel
2022033163,2022-02-04,ARUNDEL RD W,Anne Arundel
2022032842,2022-02-04,SAINT PAULS WAY,Anne Arundel
2022030347,2022-02-02,MAPLE RD W,Anne Arundel
2022030255,2022-02-01,BLACKHORSE TRL,Anne Arundel
2022030220,2022-02-01,KINTOP RD,Anne Arundel
2022029830,2022-02-01,OLD MUDDY CREEK RD,Anne Arundel
2022029521,2022-02-01,RENFRO CT,Anne Arundel
2022029112,2022-01-31,SEXTANT CT,Anne Arundel
2022029045,2022-01-31,PLYMOUTH LN,Anne Arundel
2022028217,2022-01-30,FAYWOOD CT,Anne Arundel
2022027736,2022-01-30,GUY DR,Anne Arundel
2022027406,2022-01-29,NEW COLONY CT,Anne Arundel
2022026906,2022-01-29,VETERANS HWY,Anne Arundel
2022026726,2022-01-28,LOCHEARN CT,Anne Arundel
2022026652,2022-01-28,BROOKWOOD RD,Anne Arundel
2022026249,2022-01-28,WILD CRANBERRY DR,Anne Arundel
2022024979,2022-01-27,STONE POINT DR,Anne Arundel
2022024425,2022-01-26,BEACON POINT DR,Anne Arundel
2022023411,2022-01-25,3RD AVE SE,Anne Arundel
2022023151,2022-01-25,OLD RIVERSIDE RD,Anne Arundel
2022023118,2022-01-25,PARK RD,Anne Arundel
2022022267,2022-01-24,BAY RIDGE RD,Anne Arundel
2022022053,2022-01-24,HUNTOVER DR,Anne Arundel
2022021191,2022-01-23,GOLDEN PINE CIR,Anne Arundel
2022021042,2022-01-23,ANNAPOLIS MALL,Anne Arundel
2022020604,2022-01-23,SHORE ACRES RD,Anne Arundel
2022020362,2022-01-23,LOCUST TREE DR,Anne Arundel
2022020065,2022-01-22,DEFENSE ST,Anne Arundel
2022019929,2022-01-22,HUNTOVER DR,Anne Arundel
2022019193,2022-01-21,TOWER BRIDGE DR,Anne Arundel
2022019182,2022-01-21,BALTIMORE ANNAPOLIS BLVD,Anne Arundel
2022018949,2022-01-21,RITCHIE HWY,Anne Arundel
2022018944,2022-01-21,MATTHEWS AVE,Anne Arundel
2022018670,2022-01-21,"NABBS CREEK RD",Anne Arundel
2022017922,2022-01-20,HAWTHORNE RD,Anne Arundel
2022017902,2022-01-20,HAWTHORNE RD,Anne Arundel
2022017483,2022-01-20,S CHERRY GROVE AVE,Anne Arundel
2022017433,2022-01-20,GLOUCESTER DR,Anne Arundel
2022017171,2022-01-19,RITCHIE HWY,Anne Arundel
2022017130,2022-01-19,RIVA RD,Anne Arundel
2022016986,2022-01-19,MARCS CT,Anne Arundel
2022016386,2022-01-19,RITCHIE HWY,Anne Arundel
2022016250,2022-01-19,MARYLAND RD,Anne Arundel
2022016001,2022-01-18,ANNAPOLIS RD,Anne Arundel
2022015058,2022-01-18,OLD RIVERSIDE RD,Anne Arundel
2022014397,2022-01-17,STIEMLY AVE,Anne Arundel
2022014301,2022-01-17,HARDMOORE CT,Anne Arundel
2022014144,2022-01-16,BRIMSTONE PL,Anne Arundel
2022013421,2022-01-15,CRILLEY RD,Anne Arundel
2022013408,2022-01-15,HOLLY RD,Anne Arundel
2022012821,2022-01-15,1ST AVE S,Anne Arundel
2022012075,2022-01-14,CROSS CHASE DR,Anne Arundel
2022011691,2022-01-14,HOSPITAL DR,Anne Arundel
2022011576,2022-01-14,HADFIELD CT,Anne Arundel
2022011256,2022-01-13,MANSION RD,Anne Arundel
2022010793,2022-01-13,HICKORY WOOD DR,Anne Arundel
2022010107,2022-01-12,CHESTNUT RD,Anne Arundel
2022009694,2022-01-12,MEADE VILLAGE CIR,Anne Arundel
2022008920,2022-01-11,RITCHIE HWY,Anne Arundel
2022007904,2022-01-10,COMMUNITY PL,Anne Arundel
2022007895,2022-01-10,RITCHIE HWY,Anne Arundel
2022007881,2022-01-10,HOUSE OF CORRECTION RD,Anne Arundel
2022007679,2022-01-10,DICUS MILL RD,Anne Arundel
2022007493,2022-01-10,ALLARD CT,Anne Arundel
2022007451,2022-01-10,RITCHIE HWY/SEWARD AVE,Anne Arundel
2022006423,2022-01-08,BAR HARBOR RD,Anne Arundel
2022006375,2022-01-08,BALTIMORE ANNAPOLIS BLVD,Anne Arundel
2022006329,2022-01-08,MAIN CREEK RD,Anne Arundel
2022006246,2022-01-08,CHARLOTTE DR,Anne Arundel
2022006009,2022-01-08,SEVERN RD,Anne Arundel
2022005809,2022-01-08,GROVE PARK RD,Anne Arundel
2022005512,2022-01-07,RITCHIE HWY,Anne Arundel
2022005009,2022-01-06,ABNEY LN,Anne Arundel
2022004792,2022-01-06,BRIARWOOD PL,Anne Arundel
2022004459,2022-01-06,THOMAS RD,Anne Arundel
2022004338,2022-01-06,TAR COVE RD,Anne Arundel
2022003915,2022-01-05,BROOKWOOD RD,Anne Arundel
2022003551,2022-01-05,RITCHIE HWY,Anne Arundel
2022003523,2022-01-05,GEORGE CLAUSS BLVD,Anne Arundel
2022002924,2022-01-04,RITCHIE HWY,Anne Arundel
2022002860,2022-01-04,MAYER AVE,Anne Arundel
2022002810,2022-01-04,LAUREN DR,Anne Arundel
2022002548,2022-01-04,COACHWAY,Anne Arundel
2022002360,2022-01-04,SEWARD AVE,Anne Arundel
2022002119,2022-01-03,SUMMER WIND WAY,Anne Arundel
2022002056,2022-01-03,NOLPARK CT,Anne Arundel
2022000875,2022-01-02,CHESAPEAKE CENTER DR,Anne Arundel
2022000616,2022-01-02,BELLE GROVE RD,Anne Arundel
2022000519,2022-01-01,POPLAR LN,Anne Arundel
2022000285,2022-01-01,BENFIELD RD,Anne Arundel
