incident,date,location,county
P1,2022-01-01,HAGERSTOWN,Washington
P2,2022-01-01,HAGERSTOWN,Washington
P3,2022-01-03,FUNKSTOWN,Washington
P4,2022-01-04,SMITHSBURG,Washington
P5,2022-01-04,HAGERSTOWN,Washington
P6,2022-01-04,HAGERSTOWN,Washington
P7,2022-01-05,HAGERSTOWN,Washington
P8,2022-01-05,HAGERSTOWN,Washington
P9,2022-01-06,HAGERSTOWN,Washington
P10,2022-01-06,HALFWAY,Washington
P11,2022-01-07,CLEAR SPRING,Washington
P12,2022-01-07,HAGERSTOWN,Washington
P13,2022-01-07,HALFWAY,Washington
P14,2022-01-09,LONG MEADOW,Washington
P15,2022-01-09,BOONSBORO,Washington
P16,2022-01-10,HAGERSTOWN,Washington
P17,2022-01-10,FAIRPLAY,Washington
P18,2022-01-10,HAGERSTOWN,Washington
P19,2022-01-11,HAGERSTOWN,Washington
P20,2022-01-11,HAGERSTOWN,Washington
P21,2022-01-13,FAIRPLAY,Washington
P22,2022-01-13,HAGERSTOWN,Washington
P23,2022-01-13,HALFWAY,Washington
P24,2022-01-14,HAGERSTOWN,Washington
P25,2022-01-14,HAGERSTOWN,Washington
P26,2022-01-14,FAIRPLAY,Washington
P27,2022-01-15,OUT OF COUNTY,Washington
P28,2022-01-15,HAGERSTOWN,Washington
P29,2022-01-17,HAGERSTOWN,Washington
P30,2022-01-18,SMITHSBURG,Washington
P31,2022-01-18,HAGERSTOWN,Washington
P32,2022-01-19,MAUGANSVILLE,Washington
P33,2022-01-20,HALFWAY,Washington
P34,2022-01-21,HAGERSTOWN,Washington
P35,2022-01-22,HAGERSTOWN,Washington
P36,2022-01-22,HAGERSTOWN,Washington
P37,2022-01-22,HAGERSTOWN,Washington
P38,2022-01-22,HALFWAY,Washington
P39,2022-01-23,HAGERSTOWN,Washington
P40,2022-01-23,WILLIAMSPORT,Washington
P41,2022-01-23,HAGERSTOWN,Washington
P42,2022-01-23,HAGERSTOWN,Washington
P43,2022-01-23,WILLIAMSPORT,Washington
P44,2022-01-24,HALFWAY,Washington
P45,2022-01-24,WILLIAMSPORT,Washington
P46,2022-01-26,HAGERSTOWN,Washington
P47,2022-01-26,HAGERSTOWN,Washington
P48,2022-01-26,13010,Washington
P49,2022-01-26,HAGERSTOWN,Washington
P50,2022-01-27,HAGERSTOWN,Washington
P51,2022-01-27,SHARPSBURG,Washington
P52,2022-01-27,HAGERSTOWN,Washington
P53,2022-01-27,LONG MEADOW,Washington
P54,2022-01-27,HAGERSTOWN,Washington
P55,2022-01-28,HAGERSTOWN,Washington
P56,2022-01-28,HAGERSTOWN,Washington
P57,2022-01-29,HAGERSTOWN,Washington
P58,2022-01-29,HAGERSTOWN,Washington
P59,2022-01-30,HAGERSTOWN,Washington
P60,2022-01-30,HAGERSTOWN,Washington
P61,2022-01-30,HAGERSTOWN,Washington
P62,2022-01-31,HAGERSTOWN,Washington
P63,2022-01-31,HAGERSTOWN,Washington
P64,2022-01-31,HAGERSTOWN,Washington
P65,2022-01-31,HAGERSTOWN,Washington
P66,2022-02-02,HALFWAY,Washington
P67,2022-02-02,HAGERSTOWN,Washington
P68,2022-02-03,HAGERSTOWN,Washington
P69,2022-02-03,HAGERSTOWN,Washington
P70,2022-02-03,HAGERSTOWN,Washington
P71,2022-02-04,CLEAR SPRING,Washington
P72,2022-02-04,SMITHSBURG,Washington
P73,2022-02-05,HAGERSTOWN,Washington
P74,2022-02-05,HAGERSTOWN,Washington
P75,2022-02-06,SMITHSBURG,Washington
P76,2022-02-06,HAGERSTOWN,Washington
P77,2022-02-06,KNOXVILLE,Washington
P78,2022-02-06,HAGERSTOWN,Washington
P79,2022-02-06,HAGERSTOWN,Washington
P80,2022-02-07,HALFWAY,Washington
P81,2022-02-07,FAIRPLAY,Washington
P82,2022-02-07,HAGERSTOWN,Washington
P83,2022-02-08,HAGERSTOWN,Washington
P84,2022-02-08,ROHRERSVILLE,Washington
P85,2022-02-08,FUNKSTOWN,Washington
P86,2022-02-08,HAGERSTOWN,Washington
P87,2022-02-09,HAGERSTOWN,Washington
P88,2022-02-09,HAGERSTOWN,Washington
P89,2022-02-10,HAGERSTOWN,Washington
P90,2022-02-10,HAGERSTOWN,Washington
P91,2022-02-11,HALFWAY,Washington
P92,2022-02-11,HANCOCK,Washington
P93,2022-02-11,HAGERSTOWN,Washington
P94,2022-02-11,HAGERSTOWN,Washington
P95,2022-02-12,HAGERSTOWN,Washington
P96,2022-02-12,HAGERSTOWN,Washington
P97,2022-02-12,WILLIAMSPORT,Washington
P98,2022-02-13,HAGERSTOWN,Washington
P99,2022-02-14,FAIRPLAY,Washington
P100,2022-02-14,HALFWAY,Washington
P101,2022-02-14,HAGERSTOWN,Washington
P102,2022-02-15,HAGERSTOWN,Washington
P103,2022-02-15,HAGERSTOWN,Washington
P104,2022-02-15,HAGERSTOWN,Washington
P105,2022-02-15,HAGERSTOWN,Washington
P106,2022-02-16,HAGERSTOWN,Washington
P107,2022-02-17,HALFWAY,Washington
P108,2022-02-17,HAGERSTOWN,Washington
P109,2022-02-17,SMITHSBURG,Washington
P110,2022-02-17,HAGERSTOWN,Washington
P111,2022-02-17,HALFWAY,Washington
P112,2022-02-18,HAGERSTOWN,Washington
P113,2022-02-18,HAGERSTOWN,Washington
P114,2022-02-19,SMITHSBURG,Washington
P115,2022-02-19,HAGERSTOWN,Washington
P116,2022-02-20,HANCOCK,Washington
P117,2022-02-20,FUNKSTOWN,Washington
P118,2022-02-20,HAGERSTOWN,Washington
P119,2022-02-21,HAGERSTOWN,Washington
P120,2022-02-21,HALFWAY,Washington
P121,2022-02-21,HAGERSTOWN,Washington
P122,2022-02-21,HAGERSTOWN,Washington
P123,2022-02-21,HAGERSTOWN,Washington
P124,2022-02-22,HAGERSTOWN,Washington
P125,2022-02-22,HAGERSTOWN,Washington
P126,2022-02-22,HAGERSTOWN,Washington
P127,2022-02-22,HAGERSTOWN,Washington
P128,2022-02-22,HAGERSTOWN,Washington
P129,2022-02-22,HAGERSTOWN,Washington
P130,2022-02-22,HAGERSTOWN,Washington
P131,2022-02-23,HAGERSTOWN,Washington
P132,2022-02-23,HAGERSTOWN,Washington
P133,2022-02-24,HAGERSTOWN,Washington
P134,2022-02-24,HAGERSTOWN,Washington
P135,2022-02-25,HAGERSTOWN,Washington
P136,2022-02-25,HALFWAY,Washington
P137,2022-02-25,SMITHSBURG,Washington
P138,2022-02-25,HAGERSTOWN,Washington
P139,2022-02-25,HAGERSTOWN,Washington
P140,2022-02-26,HAGERSTOWN,Washington
P141,2022-02-27,HAGERSTOWN,Washington
P142,2022-02-27,FUNKSTOWN,Washington
P143,2022-02-27,SMITHSBURG,Washington
P144,2022-02-27,FUNKSTOWN,Washington
P145,2022-03-01,SHARPSBURG,Washington
P146,2022-03-01,MAUGANSVILLE,Washington
P147,2022-03-02,HAGERSTOWN,Washington
P148,2022-03-02,HAGERSTOWN,Washington
P149,2022-03-02,HALFWAY,Washington
P150,2022-03-03,HALFWAY,Washington
P151,2022-03-03,HAGERSTOWN,Washington
P152,2022-03-03,HAGERSTOWN,Washington
P153,2022-03-03,MAUGANSVILLE,Washington
P154,2022-03-03,HAGERSTOWN,Washington
P155,2022-03-04,HAGERSTOWN,Washington
P156,2022-03-04,HALFWAY,Washington
P157,2022-03-05,HANCOCK,Washington
P158,2022-03-05,HAGERSTOWN,Washington
P159,2022-03-06,HALFWAY,Washington
P160,2022-03-06,HAGERSTOWN,Washington
P161,2022-03-06,HAGERSTOWN,Washington
P162,2022-03-06,HAGERSTOWN,Washington
P163,2022-03-06,HAGERSTOWN,Washington
P164,2022-03-07,HANCOCK,Washington
P165,2022-03-07,HAGERSTOWN,Washington
P166,2022-03-07,HAGERSTOWN,Washington
P167,2022-03-07,HAGERSTOWN,Washington
P168,2022-03-07,HAGERSTOWN,Washington
P169,2022-03-08,MAUGANSVILLE,Washington
P170,2022-03-08,HALFWAY,Washington
P171,2022-03-08,HAGERSTOWN,Washington
P172,2022-03-08,HAGERSTOWN,Washington
P173,2022-03-09,WILLIAMSPORT,Washington
P174,2022-03-09,CLEAR SPRING,Washington
P175,2022-03-09,WILLIAMSPORT,Washington
P176,2022-03-09,HALFWAY,Washington
P177,2022-03-09,HAGERSTOWN,Washington
P178,2022-03-10,HAGERSTOWN,Washington
P179,2022-03-10,WILLIAMSPORT,Washington
P180,2022-03-12,FUNKSTOWN,Washington
P181,2022-03-12,OUT OF COUNTY,Washington
P182,2022-03-12,HAGERSTOWN,Washington
P183,2022-03-12,HAGERSTOWN,Washington
P184,2022-03-12,HAGERSTOWN,Washington
P185,2022-03-13,HAGERSTOWN,Washington
P186,2022-03-14,HANCOCK,Washington
P187,2022-03-14,HAGERSTOWN,Washington
P188,2022-03-15,HAGERSTOWN,Washington
P189,2022-03-16,HAGERSTOWN,Washington
P190,2022-03-16,HAGERSTOWN,Washington
P191,2022-03-16,FUNKSTOWN,Washington
P192,2022-03-16,HAGERSTOWN,Washington
P193,2022-03-17,HAGERSTOWN,Washington
P194,2022-03-17,MAUGANSVILLE,Washington
P195,2022-03-18,HAGERSTOWN,Washington
P196,2022-03-18,HAGERSTOWN,Washington
P197,2022-03-19,HAGERSTOWN,Washington
P198,2022-03-19,HAGERSTOWN,Washington
P199,2022-03-19,HAGERSTOWN,Washington
P200,2022-03-20,HAGERSTOWN,Washington
P201,2022-03-20,HAGERSTOWN,Washington
P202,2022-03-21,HAGERSTOWN,Washington
P203,2022-03-21,HAGERSTOWN,Washington
P204,2022-03-21,WILLIAMSPORT,Washington
P205,2022-03-22,HAGERSTOWN,Washington
P206,2022-03-23,HAGERSTOWN,Washington
P207,2022-03-23,KNOXVILLE,Washington
P208,2022-03-25,FUNKSTOWN,Washington
P209,2022-03-26,HAGERSTOWN,Washington
P210,2022-03-26,HAGERSTOWN,Washington
P211,2022-03-27,FUNKSTOWN,Washington
P212,2022-03-27,FUNKSTOWN,Washington
P213,2022-03-27,HALFWAY,Washington
P214,2022-03-27,HAGERSTOWN,Washington
P215,2022-03-28,HAGERSTOWN,Washington
P216,2022-03-28,HAGERSTOWN,Washington
P217,2022-03-30,HAGERSTOWN,Washington
P218,2022-04-01,HANCOCK,Washington
P219,2022-04-01,OUT OF COUNTY,Washington
P220,2022-04-02,HAGERSTOWN,Washington
P221,2022-04-02,HAGERSTOWN,Washington
P222,2022-04-02,HAGERSTOWN,Washington
P223,2022-04-03,HAGERSTOWN,Washington
P224,2022-04-03,HAGERSTOWN,Washington
P225,2022-04-03,HAGERSTOWN,Washington
P226,2022-04-03,HAGERSTOWN,Washington
P227,2022-04-03,OUT OF COUNTY,Washington
P228,2022-04-04,HAGERSTOWN,Washington
P229,2022-04-04,HAGERSTOWN,Washington
P230,2022-04-04,FUNKSTOWN,Washington
P231,2022-04-05,WILLIAMSPORT,Washington
P232,2022-04-05,HAGERSTOWN,Washington
P233,2022-04-05,FUNKSTOWN,Washington
P234,2022-04-05,HAGERSTOWN,Washington
P235,2022-04-05,HAGERSTOWN,Washington
P236,2022-04-06,HAGERSTOWN,Washington
P237,2022-04-06,MAUGANSVILLE,Washington
P238,2022-04-06,HAGERSTOWN,Washington
P239,2022-04-07,FUNKSTOWN,Washington
P240,2022-04-07,OUT OF COUNTY,Washington
P241,2022-04-07,HAGERSTOWN,Washington
P242,2022-04-08,HAGERSTOWN,Washington
P243,2022-04-10,WILLIAMSPORT,Washington
P244,2022-04-10,HAGERSTOWN,Washington
P245,2022-04-11,HALFWAY,Washington
P246,2022-04-11,HAGERSTOWN,Washington
P247,2022-04-11,OUT OF COUNTY,Washington
P248,2022-04-12,HAGERSTOWN,Washington
P249,2022-04-12,HAGERSTOWN,Washington
P250,2022-04-12,HAGERSTOWN,Washington
P251,2022-04-12,HAGERSTOWN,Washington
P252,2022-04-12,HAGERSTOWN,Washington
P253,2022-04-12,FAIRPLAY,Washington
P254,2022-04-13,HAGERSTOWN,Washington
P255,2022-04-13,HAGERSTOWN,Washington
P256,2022-04-13,HAGERSTOWN,Washington
P257,2022-04-14,LONG MEADOW,Washington
P258,2022-04-14,HAGERSTOWN,Washington
P259,2022-04-15,HAGERSTOWN,Washington
P260,2022-04-15,WILLIAMSPORT,Washington
P261,2022-04-15,HAGERSTOWN,Washington
P262,2022-04-15,HAGERSTOWN,Washington
P263,2022-04-16,HAGERSTOWN,Washington
P264,2022-04-16,HAGERSTOWN,Washington
P265,2022-04-16,FUNKSTOWN,Washington
P266,2022-04-16,MAUGANSVILLE,Washington
P267,2022-04-16,HAGERSTOWN,Washington
P268,2022-04-17,HAGERSTOWN,Washington
P269,2022-04-17,HAGERSTOWN,Washington
P270,2022-04-17,HALFWAY,Washington
P271,2022-04-18,LONG MEADOW,Washington
P272,2022-04-18,HAGERSTOWN,Washington
P273,2022-04-18,HAGERSTOWN,Washington
P274,2022-04-20,HALFWAY,Washington
P275,2022-04-20,HAGERSTOWN,Washington
P276,2022-04-21,HAGERSTOWN,Washington
P277,2022-04-21,HAGERSTOWN,Washington
P278,2022-04-21,HAGERSTOWN,Washington
P279,2022-04-21,FUNKSTOWN,Washington
P280,2022-04-21,FUNKSTOWN,Washington
P281,2022-04-22,WILLIAMSPORT,Washington
P282,2022-04-24,CLEAR SPRING,Washington
P283,2022-04-25,HALFWAY,Washington
P284,2022-04-26,HAGERSTOWN,Washington
P285,2022-04-26,HAGERSTOWN,Washington
P286,2022-04-26,HAGERSTOWN,Washington
P287,2022-04-26,HAGERSTOWN,Washington
P288,2022-04-26,HAGERSTOWN,Washington
P289,2022-04-26,HAGERSTOWN,Washington
P290,2022-04-26,HAGERSTOWN,Washington
P291,2022-04-26,LONG MEADOW,Washington
P292,2022-04-27,HANCOCK,Washington
P293,2022-04-28,MAUGANSVILLE,Washington
P294,2022-04-28,HAGERSTOWN,Washington
P295,2022-04-29,HAGERSTOWN,Washington
P296,2022-04-29,HAGERSTOWN,Washington
P297,2022-04-29,HAGERSTOWN,Washington
P298,2022-04-29,HAGERSTOWN,Washington
P299,2022-04-29,FAIRPLAY,Washington
P300,2022-04-29,SMITHSBURG,Washington
P301,2022-04-30,HAGERSTOWN,Washington
P302,2022-04-30,HAGERSTOWN,Washington
P303,2022-05-01,FUNKSTOWN,Washington
P304,2022-05-01,HAGERSTOWN,Washington
P305,2022-05-01,HALFWAY,Washington
P306,2022-05-01,HAGERSTOWN,Washington
P307,2022-05-02,HAGERSTOWN,Washington
P308,2022-05-02,HAGERSTOWN,Washington
P309,2022-05-02,FAIRPLAY,Washington
P310,2022-05-03,HAGERSTOWN,Washington
P311,2022-05-03,HAGERSTOWN,Washington
P312,2022-05-04,HAGERSTOWN,Washington
P313,2022-05-04,HAGERSTOWN,Washington
P314,2022-05-05,HAGERSTOWN,Washington
P315,2022-05-05,FAIRPLAY,Washington
P316,2022-05-05,HAGERSTOWN,Washington
P317,2022-05-05,HAGERSTOWN,Washington
P318,2022-05-06,WILLIAMSPORT,Washington
P319,2022-05-06,WILLIAMSPORT,Washington
P320,2022-05-06,HAGERSTOWN,Washington
P321,2022-05-06,HAGERSTOWN,Washington
P322,2022-05-06,SMITHSBURG,Washington
P323,2022-05-06,HAGERSTOWN,Washington
P324,2022-05-06,HAGERSTOWN,Washington
P325,2022-05-07,OUT OF COUNTY,Washington
P326,2022-05-07,OUT OF COUNTY,Washington
P327,2022-05-07,HAGERSTOWN,Washington
P328,2022-05-07,HALFWAY,Washington
P329,2022-05-08,CLEAR SPRING,Washington
P330,2022-05-09,HAGERSTOWN,Washington
P331,2022-05-09,HAGERSTOWN,Washington
P332,2022-05-10,HAGERSTOWN,Washington
P333,2022-05-11,HAGERSTOWN,Washington
P334,2022-05-11,HAGERSTOWN,Washington
P335,2022-05-11,HAGERSTOWN,Washington
P336,2022-05-11,HAGERSTOWN,Washington
P337,2022-05-12,HAGERSTOWN,Washington
P338,2022-05-13,HAGERSTOWN,Washington
P339,2022-05-13,HAGERSTOWN,Washington
P340,2022-05-13,HANCOCK,Washington
P341,2022-05-13,HAGERSTOWN,Washington
P342,2022-05-14,HAGERSTOWN,Washington
P343,2022-05-14,HAGERSTOWN,Washington
P344,2022-05-14,FUNKSTOWN,Washington
P345,2022-05-14,HAGERSTOWN,Washington
P346,2022-05-14,HAGERSTOWN,Washington
P347,2022-05-14,MAUGANSVILLE,Washington
P348,2022-05-15,OUT OF COUNTY,Washington
P349,2022-05-15,HAGERSTOWN,Washington
P350,2022-05-15,HALFWAY,Washington
P351,2022-05-16,HAGERSTOWN,Washington
P352,2022-05-16,HAGERSTOWN,Washington
P353,2022-05-17,HAGERSTOWN,Washington
P354,2022-05-17,HAGERSTOWN,Washington
P355,2022-05-17,HAGERSTOWN,Washington
P356,2022-05-17,WILLIAMSPORT,Washington
P357,2022-05-17,HAGERSTOWN,Washington
P358,2022-05-19,HALFWAY,Washington
P359,2022-05-19,HAGERSTOWN,Washington
P360,2022-05-19,HAGERSTOWN,Washington
P361,2022-05-19,HAGERSTOWN,Washington
P362,2022-05-20,SMITHSBURG,Washington
P363,2022-05-20,HAGERSTOWN,Washington
P364,2022-05-20,HAGERSTOWN,Washington
P365,2022-05-20,HAGERSTOWN,Washington
P366,2022-05-20,HAGERSTOWN,Washington
P367,2022-05-21,FAIRPLAY,Washington
P368,2022-05-21,HAGERSTOWN,Washington
P369,2022-05-21,HAGERSTOWN,Washington
P370,2022-05-21,HAGERSTOWN,Washington
P371,2022-05-21,HAGERSTOWN,Washington
P372,2022-05-22,HAGERSTOWN,Washington
P373,2022-05-22,HAGERSTOWN,Washington
P374,2022-05-22,HAGERSTOWN,Washington
P375,2022-05-24,HAGERSTOWN,Washington
P376,2022-05-24,HAGERSTOWN,Washington
P377,2022-05-24,HALFWAY,Washington
P378,2022-05-24,HAGERSTOWN,Washington
P379,2022-05-25,HAGERSTOWN,Washington
P380,2022-05-26,HAGERSTOWN,Washington
P381,2022-05-26,HAGERSTOWN,Washington
P382,2022-05-26,HAGERSTOWN,Washington
P383,2022-05-27,HAGERSTOWN,Washington
P384,2022-05-28,CLEAR SPRING,Washington
P385,2022-05-28,HAGERSTOWN,Washington
P386,2022-05-29,HAGERSTOWN,Washington
P387,2022-05-29,HAGERSTOWN,Washington
P388,2022-05-30,HAGERSTOWN,Washington
P389,2022-05-30,OUT OF COUNTY,Washington
P390,2022-06-01,SMITHSBURG,Washington
P391,2022-06-02,BOONSBORO,Washington
P392,2022-06-02,HAGERSTOWN,Washington
P393,2022-06-03,HANCOCK,Washington
P394,2022-06-03,HAGERSTOWN,Washington
P395,2022-06-03,HAGERSTOWN,Washington
P396,2022-06-03,HAGERSTOWN,Washington
P397,2022-06-04,HAGERSTOWN,Washington
P398,2022-06-05,HAGERSTOWN,Washington
P399,2022-06-05,FAIRPLAY,Washington
P400,2022-06-05,HAGERSTOWN,Washington
P401,2022-06-05,OUT OF COUNTY,Washington
P402,2022-06-06,HAGERSTOWN,Washington
P403,2022-06-06,HALFWAY,Washington
P404,2022-06-06,MAUGANSVILLE,Washington
P405,2022-06-06,FUNKSTOWN,Washington
P406,2022-06-07,LONG MEADOW,Washington
P407,2022-06-07,MAUGANSVILLE,Washington
P408,2022-06-07,LONG MEADOW,Washington
P409,2022-06-08,HAGERSTOWN,Washington
P410,2022-06-08,HAGERSTOWN,Washington
P411,2022-06-08,HAGERSTOWN,Washington
P412,2022-06-08,HAGERSTOWN,Washington
P413,2022-06-08,HAGERSTOWN,Washington
P414,2022-06-09,KNOXVILLE,Washington
P415,2022-06-10,HAGERSTOWN,Washington
P416,2022-06-10,HAGERSTOWN,Washington
P417,2022-06-12,HAGERSTOWN,Washington
P418,2022-06-12,HAGERSTOWN,Washington
P419,2022-06-13,HAGERSTOWN,Washington
P420,2022-06-13,HAGERSTOWN,Washington
P421,2022-06-14,HAGERSTOWN,Washington
P422,2022-06-14,HAGERSTOWN,Washington
P423,2022-06-14,HAGERSTOWN,Washington
P424,2022-06-14,HALFWAY,Washington
P425,2022-06-15,HAGERSTOWN,Washington
P426,2022-06-15,HAGERSTOWN,Washington
P427,2022-06-15,HAGERSTOWN,Washington
P428,2022-06-16,HAGERSTOWN,Washington
P429,2022-06-16,HAGERSTOWN,Washington
P430,2022-06-16,HAGERSTOWN,Washington
P431,2022-06-16,HAGERSTOWN,Washington
P432,2022-06-16,HAGERSTOWN,Washington
P433,2022-06-16,HAGERSTOWN,Washington
P434,2022-06-16,HAGERSTOWN,Washington
P435,2022-06-17,HAGERSTOWN,Washington
P436,2022-06-17,FAIRPLAY,Washington
P437,2022-06-17,LONG MEADOW,Washington
P438,2022-06-18,HAGERSTOWN,Washington
P439,2022-06-19,WILLIAMSPORT,Washington
P440,2022-06-20,HAGERSTOWN,Washington
P441,2022-06-20,HAGERSTOWN,Washington
P442,2022-06-21,HAGERSTOWN,Washington
P443,2022-06-21,HALFWAY,Washington
P444,2022-06-21,SHARPSBURG,Washington
P445,2022-06-22,HAGERSTOWN,Washington
P446,2022-06-22,HAGERSTOWN,Washington
P447,2022-06-22,HAGERSTOWN,Washington
P448,2022-06-22,HAGERSTOWN,Washington
P449,2022-06-22,HAGERSTOWN,Washington
P450,2022-06-23,HAGERSTOWN,Washington
P451,2022-06-24,HAGERSTOWN,Washington
P452,2022-06-24,HAGERSTOWN,Washington
P453,2022-06-24,HAGERSTOWN,Washington
P454,2022-06-25,HAGERSTOWN,Washington
P455,2022-06-25,HAGERSTOWN,Washington
P456,2022-06-25,HAGERSTOWN,Washington
P457,2022-06-25,HAGERSTOWN,Washington
P458,2022-06-25,HAGERSTOWN,Washington
P459,2022-06-25,HAGERSTOWN,Washington
P460,2022-06-26,HAGERSTOWN,Washington
P461,2022-06-26,HAGERSTOWN,Washington
P462,2022-06-26,MAUGANSVILLE,Washington
P463,2022-06-26,HAGERSTOWN,Washington
P464,2022-06-26,HAGERSTOWN,Washington
P465,2022-06-26,HALFWAY,Washington
P466,2022-06-27,MAUGANSVILLE,Washington
P467,2022-06-28,HAGERSTOWN,Washington
P468,2022-06-28,HAGERSTOWN,Washington
P469,2022-06-29,HAGERSTOWN,Washington
P470,2022-06-30,HAGERSTOWN,Washington
P471,2022-06-30,HAGERSTOWN,Washington
P472,2022-07-01,HAGERSTOWN,Washington
P473,2022-07-01,HAGERSTOWN,Washington
P474,2022-07-01,HAGERSTOWN,Washington
P475,2022-07-02,HAGERSTOWN,Washington
P476,2022-07-02,HAGERSTOWN,Washington
P477,2022-07-02,SMITHSBURG,Washington
P478,2022-07-02,HAGERSTOWN,Washington
P479,2022-07-02,CLEAR SPRING,Washington
P480,2022-07-03,HAGERSTOWN,Washington
P481,2022-07-03,HAGERSTOWN,Washington
P482,2022-07-03,CLEAR SPRING,Washington
P483,2022-07-04,HAGERSTOWN,Washington
P484,2022-07-04,HAGERSTOWN,Washington
P485,2022-07-04,HAGERSTOWN,Washington
P486,2022-07-04,HAGERSTOWN,Washington
P487,2022-07-05,HAGERSTOWN,Washington
P488,2022-07-05,HALFWAY,Washington
P489,2022-07-05,HAGERSTOWN,Washington
P490,2022-07-06,HAGERSTOWN,Washington
P491,2022-07-06,HAGERSTOWN,Washington
P492,2022-07-06,HAGERSTOWN,Washington
P493,2022-07-06,HAGERSTOWN,Washington
P494,2022-07-06,HALFWAY,Washington
P495,2022-07-07,HAGERSTOWN,Washington
P496,2022-07-07,HAGERSTOWN,Washington
P497,2022-07-07,HAGERSTOWN,Washington
P498,2022-07-08,FUNKSTOWN,Washington
P499,2022-07-08,HAGERSTOWN,Washington
P500,2022-07-08,HAGERSTOWN,Washington
P501,2022-07-08,HANCOCK,Washington
P502,2022-07-08,HAGERSTOWN,Washington
P503,2022-07-08,FUNKSTOWN,Washington
P504,2022-07-08,HAGERSTOWN,Washington
P505,2022-07-08,HAGERSTOWN,Washington
P506,2022-07-09,HAGERSTOWN,Washington
P507,2022-07-09,MAUGANSVILLE,Washington
P508,2022-07-09,MAUGANSVILLE,Washington
P509,2022-07-10,HAGERSTOWN,Washington
P510,2022-07-10,HAGERSTOWN,Washington
P511,2022-07-10,HAGERSTOWN,Washington
P512,2022-07-10,SHARPSBURG,Washington
P513,2022-07-10,HALFWAY,Washington
P514,2022-07-10,HAGERSTOWN,Washington
P515,2022-07-11,HAGERSTOWN,Washington
P516,2022-07-11,HAGERSTOWN,Washington
P517,2022-07-11,FAIRPLAY,Washington
P518,2022-07-11,HALFWAY,Washington
P519,2022-07-11,HAGERSTOWN,Washington
P520,2022-07-11,HAGERSTOWN,Washington
P521,2022-07-12,HAGERSTOWN,Washington
P522,2022-07-13,HAGERSTOWN,Washington
P523,2022-07-13,HAGERSTOWN,Washington
P524,2022-07-13,HAGERSTOWN,Washington
P525,2022-07-13,HAGERSTOWN,Washington
P526,2022-07-13,HAGERSTOWN,Washington
P527,2022-07-13,HAGERSTOWN,Washington
P528,2022-07-13,HAGERSTOWN,Washington
P529,2022-07-14,HAGERSTOWN,Washington
P530,2022-07-16,HALFWAY,Washington
P531,2022-07-16,SMITHSBURG,Washington
P532,2022-07-17,HAGERSTOWN,Washington
P533,2022-07-17,ROHRERSVILLE,Washington
P534,2022-07-18,HAGERSTOWN,Washington
P535,2022-07-18,HAGERSTOWN,Washington
P536,2022-07-18,FUNKSTOWN,Washington
P537,2022-07-18,HAGERSTOWN,Washington
P538,2022-07-19,MOUNT AETNA,Washington
P539,2022-07-19,HALFWAY,Washington
P540,2022-07-19,HAGERSTOWN,Washington
P541,2022-07-19,HAGERSTOWN,Washington
P542,2022-07-19,FUNKSTOWN,Washington
P543,2022-07-20,HAGERSTOWN,Washington
P544,2022-07-20,HAGERSTOWN,Washington
P545,2022-07-20,HAGERSTOWN,Washington
P546,2022-07-20,HAGERSTOWN,Washington
P547,2022-07-20,HAGERSTOWN,Washington
P548,2022-07-20,HAGERSTOWN,Washington
P549,2022-07-20,HAGERSTOWN,Washington
P550,2022-07-20,HAGERSTOWN,Washington
P551,2022-07-20,HAGERSTOWN,Washington
P552,2022-07-20,HAGERSTOWN,Washington
P553,2022-07-21,HAGERSTOWN,Washington
P554,2022-07-21,HAGERSTOWN,Washington
P555,2022-07-21,HAGERSTOWN,Washington
P556,2022-07-22,SMITHSBURG,Washington
P557,2022-07-22,HAGERSTOWN,Washington
P558,2022-07-23,HAGERSTOWN,Washington
P559,2022-07-23,HAGERSTOWN,Washington
P560,2022-07-23,HAGERSTOWN,Washington
P561,2022-07-24,HAGERSTOWN,Washington
P562,2022-07-24,HAGERSTOWN,Washington
P563,2022-07-24,HAGERSTOWN,Washington
P564,2022-07-24,FUNKSTOWN,Washington
P565,2022-07-24,HAGERSTOWN,Washington
P566,2022-07-25,HALFWAY,Washington
P567,2022-07-25,SMITHSBURG,Washington
P568,2022-07-25,HAGERSTOWN,Washington
P569,2022-07-26,HAGERSTOWN,Washington
P570,2022-07-26,HANCOCK,Washington
P571,2022-07-27,HAGERSTOWN,Washington
P572,2022-07-27,HAGERSTOWN,Washington
P573,2022-07-27,HAGERSTOWN,Washington
P574,2022-07-27,HAGERSTOWN,Washington
P575,2022-07-27,SMITHSBURG,Washington
P576,2022-07-27,HAGERSTOWN,Washington
P577,2022-07-27,HALFWAY,Washington
P578,2022-07-28,HAGERSTOWN,Washington
P579,2022-07-29,HAGERSTOWN,Washington
P580,2022-07-29,HAGERSTOWN,Washington
P581,2022-07-30,HAGERSTOWN,Washington
P582,2022-07-30,MAUGANSVILLE,Washington
P583,2022-07-30,FUNKSTOWN,Washington
P584,2022-07-31,KNOXVILLE,Washington
P585,2022-07-31,SMITHSBURG,Washington
P586,2022-07-31,HAGERSTOWN,Washington
P587,2022-07-31,HAGERSTOWN,Washington
P588,2022-08-01,HAGERSTOWN,Washington
P589,2022-08-01,HAGERSTOWN,Washington
P590,2022-08-01,HAGERSTOWN,Washington
P591,2022-08-01,HALFWAY,Washington
P592,2022-08-01,HALFWAY,Washington
P593,2022-08-01,HAGERSTOWN,Washington
P594,2022-08-02,CLEAR SPRING,Washington
P595,2022-08-02,HAGERSTOWN,Washington
P596,2022-08-02,HALFWAY,Washington
P597,2022-08-03,HAGERSTOWN,Washington
P598,2022-08-03,HAGERSTOWN,Washington
P599,2022-08-03,HALFWAY,Washington
P600,2022-08-04,HAGERSTOWN,Washington
P601,2022-08-04,HAGERSTOWN,Washington
P602,2022-08-04,HAGERSTOWN,Washington
P603,2022-08-04,WILLIAMSPORT,Washington
P604,2022-08-04,HAGERSTOWN,Washington
P605,2022-08-05,HALFWAY,Washington
P606,2022-08-05,HAGERSTOWN,Washington
P607,2022-08-06,HAGERSTOWN,Washington
P608,2022-08-06,SMITHSBURG,Washington
P609,2022-08-06,HANCOCK,Washington
P610,2022-08-07,HAGERSTOWN,Washington
P611,2022-08-08,HAGERSTOWN,Washington
P612,2022-08-09,HAGERSTOWN,Washington
P613,2022-08-09,HAGERSTOWN,Washington
P614,2022-08-09,FAIRPLAY,Washington
P615,2022-08-09,HAGERSTOWN,Washington
P616,2022-08-10,HAGERSTOWN,Washington
P617,2022-08-10,BOONSBORO,Washington
P618,2022-08-10,HAGERSTOWN,Washington
P619,2022-08-10,HAGERSTOWN,Washington
P620,2022-08-10,MAUGANSVILLE,Washington
P621,2022-08-11,HAGERSTOWN,Washington
P622,2022-08-11,HAGERSTOWN,Washington
P623,2022-08-11,HAGERSTOWN,Washington
P624,2022-08-11,HAGERSTOWN,Washington
P625,2022-08-12,HAGERSTOWN,Washington
P626,2022-08-12,HAGERSTOWN,Washington
P627,2022-08-13,HAGERSTOWN,Washington
P628,2022-08-13,HAGERSTOWN,Washington
P629,2022-08-14,HAGERSTOWN,Washington
P630,2022-08-14,HAGERSTOWN,Washington
P631,2022-08-14,HAGERSTOWN,Washington
P632,2022-08-15,HALFWAY,Washington
P633,2022-08-15,HAGERSTOWN,Washington
P634,2022-08-16,HAGERSTOWN,Washington
P635,2022-08-16,HAGERSTOWN,Washington
P636,2022-08-16,HAGERSTOWN,Washington
P637,2022-08-16,LEITERSBURG,Washington
P638,2022-08-16,HAGERSTOWN,Washington
P639,2022-08-17,HALFWAY,Washington
P640,2022-08-18,HAGERSTOWN,Washington
P641,2022-08-18,WILLIAMSPORT,Washington
P642,2022-08-18,HALFWAY,Washington
P643,2022-08-19,HAGERSTOWN,Washington
P644,2022-08-19,OUT OF COUNTY,Washington
P645,2022-08-19,HAGERSTOWN,Washington
P646,2022-08-20,HAGERSTOWN,Washington
P647,2022-08-20,HAGERSTOWN,Washington
P648,2022-08-20,HAGERSTOWN,Washington
P649,2022-08-20,HAGERSTOWN,Washington
P650,2022-08-21,HAGERSTOWN,Washington
P651,2022-08-21,FUNKSTOWN,Washington
P652,2022-08-22,WILLIAMSPORT,Washington
P653,2022-08-22,HALFWAY,Washington
P654,2022-08-23,HALFWAY,Washington
P655,2022-08-23,HALFWAY,Washington
P656,2022-08-23,HAGERSTOWN,Washington
P657,2022-08-25,HAGERSTOWN,Washington
P658,2022-08-25,HAGERSTOWN,Washington
P659,2022-08-26,HAGERSTOWN,Washington
P660,2022-08-27,HAGERSTOWN,Washington
P661,2022-08-27,MAUGANSVILLE,Washington
P662,2022-08-27,HAGERSTOWN,Washington
P663,2022-08-27,HAGERSTOWN,Washington
P664,2022-08-28,HAGERSTOWN,Washington
P665,2022-08-28,LEITERSBURG,Washington
P666,2022-08-28,HAGERSTOWN,Washington
P667,2022-08-30,HAGERSTOWN,Washington
P668,2022-08-31,HAGERSTOWN,Washington
P669,2022-08-31,HAGERSTOWN,Washington
P670,2022-08-31,HALFWAY,Washington
P671,2022-09-01,HAGERSTOWN,Washington
P672,2022-09-01,HAGERSTOWN,Washington
P673,2022-09-01,HAGERSTOWN,Washington
P674,2022-09-01,HAGERSTOWN,Washington
P675,2022-09-01,HAGERSTOWN,Washington
P676,2022-09-02,HAGERSTOWN,Washington
P677,2022-09-02,HANCOCK,Washington
P678,2022-09-02,HAGERSTOWN,Washington
P679,2022-09-02,SMITHSBURG,Washington
P680,2022-09-02,HAGERSTOWN,Washington
P681,2022-09-02,HAGERSTOWN,Washington
P682,2022-09-02,HAGERSTOWN,Washington
P683,2022-09-02,HAGERSTOWN,Washington
P684,2022-09-03,HAGERSTOWN,Washington
P685,2022-09-04,HAGERSTOWN,Washington
P686,2022-09-04,HAGERSTOWN,Washington
P687,2022-09-04,HAGERSTOWN,Washington
P688,2022-09-05,HAGERSTOWN,Washington
P689,2022-09-05,HAGERSTOWN,Washington
P690,2022-09-06,FUNKSTOWN,Washington
P691,2022-09-06,HAGERSTOWN,Washington
P692,2022-09-06,HAGERSTOWN,Washington
P693,2022-09-06,HAGERSTOWN,Washington
P694,2022-09-06,HAGERSTOWN,Washington
P695,2022-09-07,OUT OF COUNTY,Washington
P696,2022-09-07,HAGERSTOWN,Washington
P697,2022-09-08,HAGERSTOWN,Washington
P698,2022-09-08,HALFWAY,Washington
P699,2022-09-09,HAGERSTOWN,Washington
P700,2022-09-09,HAGERSTOWN,Washington
P701,2022-09-10,HAGERSTOWN,Washington
P702,2022-09-10,HAGERSTOWN,Washington
P703,2022-09-10,MOUNT AETNA,Washington
P704,2022-09-11,HAGERSTOWN,Washington
P705,2022-09-12,HAGERSTOWN,Washington
P706,2022-09-12,HAGERSTOWN,Washington
P707,2022-09-13,HAGERSTOWN,Washington
P708,2022-09-13,HAGERSTOWN,Washington
P709,2022-09-13,HAGERSTOWN,Washington
P710,2022-09-14,HAGERSTOWN,Washington
P711,2022-09-14,HAGERSTOWN,Washington
P712,2022-09-14,HAGERSTOWN,Washington
P713,2022-09-15,SMITHSBURG,Washington
P714,2022-09-15,MAUGANSVILLE,Washington
P715,2022-09-15,HAGERSTOWN,Washington
P716,2022-09-16,HAGERSTOWN,Washington
P717,2022-09-17,HAGERSTOWN,Washington
P718,2022-09-17,HAGERSTOWN,Washington
P719,2022-09-17,HAGERSTOWN,Washington
P720,2022-09-18,HAGERSTOWN,Washington
P721,2022-09-18,HAGERSTOWN,Washington
P722,2022-09-18,HAGERSTOWN,Washington
P723,2022-09-18,HAGERSTOWN,Washington
P724,2022-09-18,HAGERSTOWN,Washington
P725,2022-09-19,HAGERSTOWN,Washington
P726,2022-09-19,HAGERSTOWN,Washington
P727,2022-09-20,HAGERSTOWN,Washington
P728,2022-09-20,CLEAR SPRING,Washington
P729,2022-09-20,HAGERSTOWN,Washington
P730,2022-09-20,HAGERSTOWN,Washington
P731,2022-09-21,FAIRPLAY,Washington
P732,2022-09-21,LEITERSBURG,Washington
P733,2022-09-21,HANCOCK,Washington
P734,2022-09-21,HAGERSTOWN,Washington
P735,2022-09-22,HAGERSTOWN,Washington
P736,2022-09-23,HAGERSTOWN,Washington
P737,2022-09-24,HAGERSTOWN,Washington
P738,2022-09-24,HAGERSTOWN,Washington
P739,2022-09-24,HAGERSTOWN,Washington
P740,2022-09-25,HAGERSTOWN,Washington
P741,2022-09-25,HAGERSTOWN,Washington
P742,2022-09-25,HAGERSTOWN,Washington
P743,2022-09-25,HAGERSTOWN,Washington
P744,2022-09-25,HAGERSTOWN,Washington
P745,2022-09-26,HAGERSTOWN,Washington
P746,2022-09-27,FAIRPLAY,Washington
P747,2022-09-27,HAGERSTOWN,Washington
P748,2022-09-28,HAGERSTOWN,Washington
P749,2022-09-28,HAGERSTOWN,Washington
P750,2022-09-29,HAGERSTOWN,Washington
P751,2022-09-29,SMITHSBURG,Washington
P752,2022-09-29,HAGERSTOWN,Washington
P753,2022-09-29,HAGERSTOWN,Washington
P754,2022-10-01,FAIRPLAY,Washington
P755,2022-10-01,OUT OF COUNTY,Washington
P756,2022-10-03,HALFWAY,Washington
P757,2022-10-04,FUNKSTOWN,Washington
P758,2022-10-04,FUNKSTOWN,Washington
P759,2022-10-04,91990,Washington
P760,2022-10-04,HAGERSTOWN,Washington
P761,2022-10-04,HAGERSTOWN,Washington
P762,2022-10-04,HAGERSTOWN,Washington
P763,2022-10-05,SMITHSBURG,Washington
P764,2022-10-06,FUNKSTOWN,Washington
P765,2022-10-06,HAGERSTOWN,Washington
P766,2022-10-07,HAGERSTOWN,Washington
P767,2022-10-08,HAGERSTOWN,Washington
P768,2022-10-08,HAGERSTOWN,Washington
P769,2022-10-09,HAGERSTOWN,Washington
P770,2022-10-09,HAGERSTOWN,Washington
P771,2022-10-10,HAGERSTOWN,Washington
P772,2022-10-11,HALFWAY,Washington
P773,2022-10-11,HALFWAY,Washington
P774,2022-10-13,HAGERSTOWN,Washington
P775,2022-10-13,HAGERSTOWN,Washington
P776,2022-10-13,HAGERSTOWN,Washington
P777,2022-10-13,HAGERSTOWN,Washington
P778,2022-10-13,HAGERSTOWN,Washington
P779,2022-10-14,HAGERSTOWN,Washington
P780,2022-10-14,HAGERSTOWN,Washington
P781,2022-10-15,FUNKSTOWN,Washington
P782,2022-10-15,HAGERSTOWN,Washington
P783,2022-10-15,HAGERSTOWN,Washington
P784,2022-10-15,FAIRPLAY,Washington
P785,2022-10-15,HAGERSTOWN,Washington
P786,2022-10-15,HAGERSTOWN,Washington
P787,2022-10-15,HAGERSTOWN,Washington
P788,2022-10-16,HAGERSTOWN,Washington
P789,2022-10-16,HAGERSTOWN,Washington
P790,2022-10-17,HAGERSTOWN,Washington
P791,2022-10-17,CLEAR SPRING,Washington
P792,2022-10-17,HAGERSTOWN,Washington
P793,2022-10-18,KNOXVILLE,Washington
P794,2022-10-19,HAGERSTOWN,Washington
P795,2022-10-19,OUT OF COUNTY,Washington
P796,2022-10-19,HALFWAY,Washington
P797,2022-10-20,HAGERSTOWN,Washington
P798,2022-10-20,HAGERSTOWN,Washington
P799,2022-10-21,WILLIAMSPORT,Washington
P800,2022-10-21,HAGERSTOWN,Washington
P801,2022-10-21,OUT OF COUNTY,Washington
P802,2022-10-21,MAUGANSVILLE,Washington
P803,2022-10-21,FAIRPLAY,Washington
P804,2022-10-22,HAGERSTOWN,Washington
P805,2022-10-22,HAGERSTOWN,Washington
P806,2022-10-22,HAGERSTOWN,Washington
P807,2022-10-23,HAGERSTOWN,Washington
P808,2022-10-23,HAGERSTOWN,Washington
P809,2022-10-23,HAGERSTOWN,Washington
P810,2022-10-23,HAGERSTOWN,Washington
P811,2022-10-24,HALFWAY,Washington
P812,2022-10-24,HAGERSTOWN,Washington
P813,2022-10-25,FUNKSTOWN,Washington
P814,2022-10-25,HAGERSTOWN,Washington
P815,2022-10-26,HAGERSTOWN,Washington
P816,2022-10-26,HAGERSTOWN,Washington
P817,2022-10-27,HAGERSTOWN,Washington
P818,2022-10-28,HAGERSTOWN,Washington
P819,2022-10-29,OUT OF COUNTY,Washington
P820,2022-10-29,HAGERSTOWN,Washington
P821,2022-10-29,SHARPSBURG,Washington
P822,2022-10-30,HAGERSTOWN,Washington
P823,2022-10-31,FUNKSTOWN,Washington
P824,2022-10-31,ROHRERSVILLE,Washington
P825,2022-10-31,SMITHSBURG,Washington
P826,2022-10-31,HAGERSTOWN,Washington
P827,2022-11-01,HAGERSTOWN,Washington
P828,2022-11-01,HAGERSTOWN,Washington
P829,2022-11-01,HAGERSTOWN,Washington
P830,2022-11-02,MAUGANSVILLE,Washington
P831,2022-11-02,HAGERSTOWN,Washington
P832,2022-11-03,HAGERSTOWN,Washington
P833,2022-11-03,HAGERSTOWN,Washington
P834,2022-11-03,HAGERSTOWN,Washington
P835,2022-11-04,ROHRERSVILLE,Washington
P836,2022-11-04,MAUGANSVILLE,Washington
P837,2022-11-05,FUNKSTOWN,Washington
P838,2022-11-05,HAGERSTOWN,Washington
P839,2022-11-06,HAGERSTOWN,Washington
P840,2022-11-06,HAGERSTOWN,Washington
P841,2022-11-06,HAGERSTOWN,Washington
P842,2022-11-07,HAGERSTOWN,Washington
P843,2022-11-07,FUNKSTOWN,Washington
P844,2022-11-08,SMITHSBURG,Washington
P845,2022-11-08,HAGERSTOWN,Washington
P846,2022-11-08,HAGERSTOWN,Washington
P847,2022-11-08,HAGERSTOWN,Washington
P848,2022-11-09,HAGERSTOWN,Washington
P849,2022-11-09,HAGERSTOWN,Washington
P850,2022-11-09,HAGERSTOWN,Washington
P851,2022-11-09,HAGERSTOWN,Washington
P852,2022-11-10,HALFWAY,Washington
P853,2022-11-10,HALFWAY,Washington
P854,2022-11-10,BOONSBORO,Washington
P855,2022-11-11,HAGERSTOWN,Washington
P856,2022-11-11,HAGERSTOWN,Washington
P857,2022-11-12,HAGERSTOWN,Washington
P858,2022-11-13,HAGERSTOWN,Washington
P859,2022-11-14,FUNKSTOWN,Washington
P860,2022-11-14,HAGERSTOWN,Washington
P861,2022-11-15,HAGERSTOWN,Washington
P862,2022-11-16,HAGERSTOWN,Washington
P863,2022-11-17,HAGERSTOWN,Washington
P864,2022-11-17,HAGERSTOWN,Washington
P865,2022-11-17,LONG MEADOW,Washington
P866,2022-11-18,HAGERSTOWN,Washington
P867,2022-11-18,HAGERSTOWN,Washington
P868,2022-11-18,HAGERSTOWN,Washington
P869,2022-11-19,LONG MEADOW,Washington
P870,2022-11-19,HAGERSTOWN,Washington
P871,2022-11-19,FUNKSTOWN,Washington
P872,2022-11-21,HAGERSTOWN,Washington
P873,2022-11-21,SMITHSBURG,Washington
P874,2022-11-21,HAGERSTOWN,Washington
P875,2022-11-21,SMITHSBURG,Washington
P876,2022-11-21,HAGERSTOWN,Washington
P877,2022-11-21,HAGERSTOWN,Washington
P878,2022-11-23,FUNKSTOWN,Washington
P879,2022-11-23,HALFWAY,Washington
P880,2022-11-23,WILLIAMSPORT,Washington
P881,2022-11-23,HAGERSTOWN,Washington
P882,2022-12-09,HAGERSTOWN,Washington
P883,2022-12-09,MAUGANSVILLE,Washington
P884,2022-12-10,HAGERSTOWN,Washington
P885,2022-12-10,HAGERSTOWN,Washington
P886,2022-12-10,HAGERSTOWN,Washington
P887,2022-12-10,HAGERSTOWN,Washington
P888,2022-12-10,HAGERSTOWN,Washington
P889,2022-12-10,HAGERSTOWN,Washington
P890,2022-12-11,HAGERSTOWN,Washington
P891,2022-12-11,HAGERSTOWN,Washington
P892,2022-12-11,HALFWAY,Washington
P893,2022-12-14,HAGERSTOWN,Washington
P894,2022-12-14,HAGERSTOWN,Washington
P895,2022-12-14,HALFWAY,Washington
P896,2022-12-15,HANCOCK,Washington
P897,2022-12-16,HAGERSTOWN,Washington
P898,2022-12-17,HAGERSTOWN,Washington
P899,2022-12-17,HAGERSTOWN,Washington
P900,2022-12-17,HAGERSTOWN,Washington
P901,2022-12-17,HAGERSTOWN,Washington
P902,2022-12-18,HAGERSTOWN,Washington
P903,2022-12-18,HAGERSTOWN,Washington
P904,2022-12-19,HAGERSTOWN,Washington
P905,2022-12-19,CLEAR SPRING,Washington
P906,2022-12-19,HAGERSTOWN,Washington
P907,2022-12-20,HAGERSTOWN,Washington
P908,2022-12-20,FAIRPLAY,Washington
P909,2022-12-20,MAUGANSVILLE,Washington
P910,2022-12-21,BOONSBORO,Washington
P911,2022-12-22,HAGERSTOWN,Washington
P912,2022-12-22,HAGERSTOWN,Washington
P913,2022-12-23,HALFWAY,Washington
P914,2022-12-23,WILLIAMSPORT,Washington
P915,2022-12-23,SMITHSBURG,Washington
P916,2022-12-24,HAGERSTOWN,Washington
P917,2022-12-25,HAGERSTOWN,Washington
P918,2022-12-25,HALFWAY,Washington
P919,2022-12-25,MAUGANSVILLE,Washington
P920,2022-12-26,HAGERSTOWN,Washington
P921,2022-12-26,HAGERSTOWN,Washington
P922,2022-12-26,HAGERSTOWN,Washington
P923,2022-12-26,HAGERSTOWN,Washington
P924,2022-12-26,HAGERSTOWN,Washington
P925,2022-12-27,HAGERSTOWN,Washington
P926,2022-12-27,ROHRERSVILLE,Washington
P927,2022-12-29,HAGERSTOWN,Washington
P928,2022-12-29,HAGERSTOWN,Washington
P929,2022-12-29,HAGERSTOWN,Washington
P930,2022-12-30,HAGERSTOWN,Washington
P931,2022-12-30,FUNKSTOWN,Washington
P932,2022-12-31,HAGERSTOWN,Washington
P933,2022-12-31,HAGERSTOWN,Washington
P934,2022-12-31,HAGERSTOWN,Washington
P935,2022-12-31,FUNKSTOWN,Washington
P936,2022-12-31,HANCOCK,Washington
P937,2022-12-31,HAGERSTOWN,Washington